GameID,DateTime_ET,Visitor,Visitor PTS,Home,Home PTS,Winner,Kalshi Odds (Visitor win),Kalshi Odds (Home win)
KXNBAGAME-25OCT21HOUOKC-OKC,2025-10-21 19:30:00,Houston Rockets,124,Oklahoma City Thunder,125,Oklahoma City Thunder,0.31000000000000005,0.69
KXNBAGAME-25OCT21GSWLAL-LAL,2025-10-21 22:00:00,Golden State Warriors,119,Los Angeles Lakers,109,Golden State Warriors,0.56,0.44
KXNBAGAME-25OCT22BKNCHA-CHA,2025-10-22 19:00:00,Brooklyn Nets,117,Charlotte Hornets,136,Charlotte Hornets,0.33999999999999997,0.66
KXNBAGAME-25OCT22CLENYK-NYK,2025-10-22 19:00:00,Cleveland Cavaliers,111,New York Knicks,119,New York Knicks,0.53,0.47
KXNBAGAME-25OCT22MIAORL-ORL,2025-10-22 19:00:00,Miami Heat,121,Orlando Magic,125,Orlando Magic,0.24,0.76
KXNBAGAME-25OCT22PHIBOS-BOS,2025-10-22 19:30:00,Philadelphia 76ers,117,Boston Celtics,116,Philadelphia 76ers,0.35,0.65
KXNBAGAME-25OCT22TORATL-ATL,2025-10-22 19:30:00,Toronto Raptors,138,Atlanta Hawks,118,Toronto Raptors,0.33999999999999997,0.66
KXNBAGAME-25OCT22DETCHI-CHI,2025-10-22 20:00:00,Detroit Pistons,111,Chicago Bulls,115,Chicago Bulls,0.5900000000000001,0.41
KXNBAGAME-25OCT22NOPMEM-MEM,2025-10-22 20:00:00,New Orleans Pelicans,122,Memphis Grizzlies,128,Memphis Grizzlies,0.38,0.62
KXNBAGAME-25OCT22WASMIL-MIL,2025-10-22 20:00:00,Washington Wizards,120,Milwaukee Bucks,133,Milwaukee Bucks,0.18999999999999995,0.81
KXNBAGAME-25OCT22LACUTA-UTA,2025-10-22 21:00:00,Los Angeles Clippers,108,Utah Jazz,129,Utah Jazz,0.79,0.21
KXNBAGAME-25OCT22SASDAL-DAL,2025-10-22 21:30:00,San Antonio Spurs,125,Dallas Mavericks,92,San Antonio Spurs,0.39,0.61
KXNBAGAME-25OCT22MINPOR-POR,2025-10-22 22:00:00,Minnesota Timberwolves,118,Portland Trail Blazers,114,Minnesota Timberwolves,0.64,0.36
KXNBAGAME-25OCT22SACPHX-PHX,2025-10-22 22:00:00,Sacramento Kings,116,Phoenix Suns,120,Phoenix Suns,0.39,0.61
KXNBAGAME-25OCT23OKCIND-IND,2025-10-23 19:30:00,Oklahoma City Thunder,141,Indiana Pacers,135,Oklahoma City Thunder,0.71,0.29
KXNBAGAME-25OCT23DENGSW-GSW,2025-10-23 22:00:00,Denver Nuggets,131,Golden State Warriors,137,Golden State Warriors,0.48,0.52
KXNBAGAME-25OCT24MILTOR-TOR,2025-10-24 18:30:00,Milwaukee Bucks,122,Toronto Raptors,116,Milwaukee Bucks,0.44999999999999996,0.55
KXNBAGAME-25OCT24ATLORL-ORL,2025-10-24 19:00:00,Atlanta Hawks,111,Orlando Magic,107,Atlanta Hawks,0.32999999999999996,0.67
KXNBAGAME-25OCT24CLEBKN-BKN,2025-10-24 19:30:00,Cleveland Cavaliers,131,Brooklyn Nets,124,Cleveland Cavaliers,0.84,0.16
KXNBAGAME-25OCT24BOSNYK-NYK,2025-10-24 19:30:00,Boston Celtics,95,New York Knicks,105,New York Knicks,0.38,0.62
KXNBAGAME-25OCT24DETHOU-HOU,2025-10-24 20:00:00,Detroit Pistons,115,Houston Rockets,111,Detroit Pistons,0.29000000000000004,0.71
KXNBAGAME-25OCT24SASNOP-NOP,2025-10-24 20:00:00,San Antonio Spurs,120,New Orleans Pelicans,116,San Antonio Spurs,0.62,0.38
KXNBAGAME-25OCT24MIAMEM-MEM,2025-10-24 20:00:00,Miami Heat,146,Memphis Grizzlies,114,Miami Heat,0.41000000000000003,0.59
KXNBAGAME-25OCT24WASDAL-DAL,2025-10-24 20:30:00,Washington Wizards,117,Dallas Mavericks,107,Washington Wizards,0.19999999999999996,0.8
KXNBAGAME-25OCT24MINLAL-LAL,2025-10-24 22:00:00,Minnesota Timberwolves,110,Los Angeles Lakers,128,Los Angeles Lakers,0.53,0.47
KXNBAGAME-25OCT24GSWPOR-POR,2025-10-24 22:00:00,Golden State Warriors,119,Portland Trail Blazers,139,Portland Trail Blazers,0.5900000000000001,0.41
KXNBAGAME-25OCT24UTASAC-SAC,2025-10-24 22:00:00,Utah Jazz,104,Sacramento Kings,105,Sacramento Kings,0.32999999999999996,0.67
KXNBAGAME-25OCT24PHXLAC-LAC,2025-10-24 22:30:00,Phoenix Suns,102,Los Angeles Clippers,129,Los Angeles Clippers,0.21999999999999997,0.78
KXNBAGAME-25OCT25CHIORL-ORL,2025-10-25 19:00:00,Chicago Bulls,110,Orlando Magic,98,Chicago Bulls,0.31000000000000005,0.69
KXNBAGAME-25OCT25OKCATL-ATL,2025-10-25 19:30:00,Oklahoma City Thunder,117,Atlanta Hawks,100,Oklahoma City Thunder,0.75,0.25
KXNBAGAME-25OCT25CHAPHI-PHI,2025-10-25 19:30:00,Charlotte Hornets,121,Philadelphia 76ers,125,Philadelphia 76ers,0.36,0.64
KXNBAGAME-25OCT25INDMEM-MEM,2025-10-25 20:00:00,Indiana Pacers,103,Memphis Grizzlies,128,Memphis Grizzlies,0.45999999999999996,0.54
KXNBAGAME-25OCT25PHXDEN-DEN,2025-10-25 21:00:00,Phoenix Suns,111,Denver Nuggets,133,Denver Nuggets,0.14,0.86
KXNBAGAME-25OCT26BKNSAS-SAS,2025-10-26 14:00:00,Brooklyn Nets,107,San Antonio Spurs,118,San Antonio Spurs,0.18999999999999995,0.81
KXNBAGAME-25OCT26BOSDET-DET,2025-10-26 15:30:00,Boston Celtics,113,Detroit Pistons,119,Detroit Pistons,0.43999999999999995,0.56
KXNBAGAME-25OCT26CHAWAS-WAS,2025-10-26 18:00:00,Charlotte Hornets,139,Washington Wizards,113,Charlotte Hornets,0.44999999999999996,0.55
KXNBAGAME-25OCT26NYKMIA-MIA,2025-10-26 18:00:00,New York Knicks,107,Miami Heat,115,Miami Heat,0.5800000000000001,0.42
KXNBAGAME-25OCT26MILCLE-CLE,2025-10-26 18:00:00,Milwaukee Bucks,113,Cleveland Cavaliers,118,Cleveland Cavaliers,0.31000000000000005,0.69
KXNBAGAME-25OCT26INDMIN-MIN,2025-10-26 19:00:00,Indiana Pacers,110,Minnesota Timberwolves,114,Minnesota Timberwolves,0.16000000000000003,0.84
KXNBAGAME-25OCT26TORDAL-DAL,2025-10-26 19:30:00,Toronto Raptors,129,Dallas Mavericks,139,Dallas Mavericks,0.49,0.51
KXNBAGAME-25OCT26LALSAC-SAC,2025-10-26 21:00:00,Los Angeles Lakers,127,Sacramento Kings,120,Los Angeles Lakers,0.38,0.62
KXNBAGAME-25OCT26PORLAC-LAC,2025-10-26 21:00:00,Portland Trail Blazers,107,Los Angeles Clippers,114,Los Angeles Clippers,0.26,0.74
KXNBAGAME-25OCT27CLEDET-DET,2025-10-27 19:00:00,Cleveland Cavaliers,116,Detroit Pistons,95,Cleveland Cavaliers,0.53,0.47
KXNBAGAME-25OCT27ORLPHI-PHI,2025-10-27 19:00:00,Orlando Magic,124,Philadelphia 76ers,136,Philadelphia 76ers,0.6599999999999999,0.34
KXNBAGAME-25OCT27ATLCHI-CHI,2025-10-27 20:00:00,Atlanta Hawks,123,Chicago Bulls,128,Chicago Bulls,0.55,0.45
KXNBAGAME-25OCT27BKNHOU-HOU,2025-10-27 20:00:00,Brooklyn Nets,109,Houston Rockets,137,Houston Rockets,0.10999999999999999,0.89
KXNBAGAME-25OCT27BOSNOP-NOP,2025-10-27 20:00:00,Boston Celtics,122,New Orleans Pelicans,90,Boston Celtics,0.64,0.36
KXNBAGAME-25OCT27TORSAS-SAS,2025-10-27 20:00:00,Toronto Raptors,103,San Antonio Spurs,121,San Antonio Spurs,0.37,0.63
KXNBAGAME-25OCT27OKCDAL-DAL,2025-10-27 20:30:00,Oklahoma City Thunder,101,Dallas Mavericks,94,Oklahoma City Thunder,0.75,0.25
KXNBAGAME-25OCT27PHXUTA-UTA,2025-10-27 21:00:00,Phoenix Suns,134,Utah Jazz,138,Utah Jazz,0.45999999999999996,0.54
KXNBAGAME-25OCT27DENMIN-MIN,2025-10-27 21:30:00,Denver Nuggets,127,Minnesota Timberwolves,114,Denver Nuggets,0.6699999999999999,0.33
KXNBAGAME-25OCT27MEMGSW-GSW,2025-10-27 22:00:00,Memphis Grizzlies,118,Golden State Warriors,131,Golden State Warriors,0.26,0.74
KXNBAGAME-25OCT27PORLAL-LAL,2025-10-27 22:30:00,Portland Trail Blazers,122,Los Angeles Lakers,108,Portland Trail Blazers,0.5700000000000001,0.43
KXNBAGAME-25OCT28PHIWAS-WAS,2025-10-28 19:00:00,Philadelphia 76ers,139,Washington Wizards,134,Philadelphia 76ers,0.64,0.36
KXNBAGAME-25OCT28CHAMIA-MIA,2025-10-28 19:30:00,Charlotte Hornets,117,Miami Heat,144,Miami Heat,0.37,0.63
KXNBAGAME-25OCT28NYKMIL-MIL,2025-10-28 20:00:00,New York Knicks,111,Milwaukee Bucks,121,Milwaukee Bucks,0.54,0.46
KXNBAGAME-25OCT28SACOKC-OKC,2025-10-28 20:00:00,Sacramento Kings,101,Oklahoma City Thunder,107,Oklahoma City Thunder,0.20999999999999996,0.79
KXNBAGAME-25OCT28LACGSW-GSW,2025-10-28 23:00:00,Los Angeles Clippers,79,Golden State Warriors,98,Golden State Warriors,0.5,0.5
KXNBAGAME-25OCT29HOUTOR-TOR,2025-10-29 18:30:00,Houston Rockets,139,Toronto Raptors,121,Houston Rockets,0.6699999999999999,0.33
KXNBAGAME-25OCT29CLEBOS-BOS,2025-10-29 19:00:00,Cleveland Cavaliers,105,Boston Celtics,125,Boston Celtics,0.6,0.4
KXNBAGAME-25OCT29ORLDET-DET,2025-10-29 19:00:00,Orlando Magic,116,Detroit Pistons,135,Detroit Pistons,0.52,0.48
KXNBAGAME-25OCT29ATLBKN-BKN,2025-10-29 19:30:00,Atlanta Hawks,117,Brooklyn Nets,112,Atlanta Hawks,0.73,0.27
KXNBAGAME-25OCT29SACCHI-CHI,2025-10-29 20:00:00,Sacramento Kings,113,Chicago Bulls,126,Chicago Bulls,0.37,0.63
KXNBAGAME-25OCT29INDDAL-DAL,2025-10-29 20:30:00,Indiana Pacers,105,Dallas Mavericks,107,Dallas Mavericks,0.31000000000000005,0.69
KXNBAGAME-25OCT29PORUTA-UTA,2025-10-29 21:00:00,Portland Trail Blazers,136,Utah Jazz,134,Portland Trail Blazers,0.56,0.44
KXNBAGAME-25OCT29NOPDEN-DEN,2025-10-29 21:00:00,New Orleans Pelicans,88,Denver Nuggets,122,Denver Nuggets,0.14,0.86
KXNBAGAME-25OCT29LALMIN-MIN,2025-10-29 21:30:00,Los Angeles Lakers,116,Minnesota Timberwolves,115,Los Angeles Lakers,0.28,0.72
KXNBAGAME-25OCT29MEMPHX-PHX,2025-10-29 22:00:00,Memphis Grizzlies,114,Phoenix Suns,113,Memphis Grizzlies,0.55,0.45
KXNBAGAME-25OCT30ORLCHA-CHA,2025-10-30 19:00:00,Orlando Magic,123,Charlotte Hornets,107,Orlando Magic,0.5700000000000001,0.43
KXNBAGAME-25OCT30GSWMIL-MIL,2025-10-30 20:00:00,Golden State Warriors,110,Milwaukee Bucks,120,Milwaukee Bucks,0.72,0.28
KXNBAGAME-25OCT30WASOKC-OKC,2025-10-30 20:00:00,Washington Wizards,108,Oklahoma City Thunder,127,Oklahoma City Thunder,0.09999999999999998,0.9
KXNBAGAME-25OCT30MIASAS-SAS,2025-10-30 20:30:00,Miami Heat,101,San Antonio Spurs,107,San Antonio Spurs,0.31000000000000005,0.69
KXNBAGAME-25OCT31ATLIND-IND,2025-10-31 19:00:00,Atlanta Hawks,128,Indiana Pacers,108,Atlanta Hawks,0.54,0.46
KXNBAGAME-25OCT31BOSPHI-PHI,2025-10-31 19:00:00,Boston Celtics,109,Philadelphia 76ers,108,Boston Celtics,0.52,0.48
KXNBAGAME-25OCT31TORCLE-CLE,2025-10-31 19:30:00,Toronto Raptors,112,Cleveland Cavaliers,101,Toronto Raptors,0.36,0.64
KXNBAGAME-25OCT31NYKCHI-CHI,2025-10-31 20:00:00,New York Knicks,125,Chicago Bulls,135,Chicago Bulls,0.62,0.38
KXNBAGAME-25OCT31LALMEM-MEM,2025-10-31 21:30:00,Los Angeles Lakers,117,Memphis Grizzlies,112,Los Angeles Lakers,0.52,0.48
KXNBAGAME-25OCT31UTAPHX-PHX,2025-10-31 22:00:00,Utah Jazz,96,Phoenix Suns,118,Phoenix Suns,0.41000000000000003,0.59
KXNBAGAME-25OCT31DENPOR-POR,2025-10-31 22:00:00,Denver Nuggets,107,Portland Trail Blazers,109,Portland Trail Blazers,0.6599999999999999,0.34
KXNBAGAME-25OCT31NOPLAC-LAC,2025-10-31 22:30:00,New Orleans Pelicans,124,Los Angeles Clippers,126,Los Angeles Clippers,0.17000000000000004,0.83
KXNBAGAME-25NOV01SACMIL-MIL,2025-11-01 17:00:00,Sacramento Kings,135,Milwaukee Bucks,133,Sacramento Kings,0.31000000000000005,0.69
KXNBAGAME-25NOV01MINCHA-CHA,2025-11-01 18:00:00,Minnesota Timberwolves,122,Charlotte Hornets,105,Minnesota Timberwolves,0.61,0.39
KXNBAGAME-25NOV01GSWIND-IND,2025-11-01 19:00:00,Golden State Warriors,109,Indiana Pacers,114,Indiana Pacers,0.8,0.2
KXNBAGAME-25NOV01ORLWAS-WAS,2025-11-01 19:00:00,Orlando Magic,125,Washington Wizards,94,Orlando Magic,0.76,0.24
KXNBAGAME-25NOV01HOUBOS-BOS,2025-11-01 20:00:00,Houston Rockets,128,Boston Celtics,101,Houston Rockets,0.61,0.39
KXNBAGAME-25NOV01DALDET-DET,2025-11-01 22:00:00,Dallas Mavericks,110,Detroit Pistons,122,Detroit Pistons,0.28,0.72
KXNBAGAME-25NOV02NOPOKC-OKC,2025-11-02 15:30:00,New Orleans Pelicans,106,Oklahoma City Thunder,137,Oklahoma City Thunder,0.13,0.87
KXNBAGAME-25NOV02PHIBKN-BKN,2025-11-02 18:00:00,Philadelphia 76ers,129,Brooklyn Nets,105,Philadelphia 76ers,0.64,0.36
KXNBAGAME-25NOV02UTACHA-CHA,2025-11-02 18:00:00,Utah Jazz,103,Charlotte Hornets,126,Charlotte Hornets,0.51,0.49
KXNBAGAME-25NOV02ATLCLE-CLE,2025-11-02 18:00:00,Atlanta Hawks,109,Cleveland Cavaliers,117,Cleveland Cavaliers,0.31000000000000005,0.69
KXNBAGAME-25NOV02MEMTOR-TOR,2025-11-02 18:00:00,Memphis Grizzlies,104,Toronto Raptors,117,Toronto Raptors,0.38,0.62
KXNBAGAME-25NOV02CHINYK-NYK,2025-11-02 19:00:00,Chicago Bulls,116,New York Knicks,128,New York Knicks,0.29000000000000004,0.71
KXNBAGAME-25NOV02SASPHX-PHX,2025-11-02 20:00:00,San Antonio Spurs,118,Phoenix Suns,130,Phoenix Suns,0.6799999999999999,0.32
KXNBAGAME-25NOV02MIALAL-LAL,2025-11-02 21:30:00,Miami Heat,120,Los Angeles Lakers,130,Los Angeles Lakers,0.35,0.65
KXNBAGAME-25NOV03MINBKN-BKN,2025-11-03 19:00:00,Minnesota Timberwolves,125,Brooklyn Nets,109,Minnesota Timberwolves,0.78,0.22
KXNBAGAME-25NOV03MILIND-IND,2025-11-03 19:00:00,Milwaukee Bucks,117,Indiana Pacers,115,Milwaukee Bucks,0.6699999999999999,0.33
KXNBAGAME-25NOV03UTABOS-BOS,2025-11-03 19:30:00,Utah Jazz,105,Boston Celtics,103,Utah Jazz,0.18999999999999995,0.81
KXNBAGAME-25NOV03WASNYK-NYK,2025-11-03 19:30:00,Washington Wizards,102,New York Knicks,119,New York Knicks,0.14,0.86
KXNBAGAME-25NOV03DALHOU-HOU,2025-11-03 20:00:00,Dallas Mavericks,102,Houston Rockets,110,Houston Rockets,0.15000000000000002,0.85
KXNBAGAME-25NOV03DETMEM-MEM,2025-11-03 20:00:00,Detroit Pistons,114,Memphis Grizzlies,106,Detroit Pistons,0.62,0.38
KXNBAGAME-25NOV03SACDEN-DEN,2025-11-03 21:00:00,Sacramento Kings,124,Denver Nuggets,130,Denver Nuggets,0.17000000000000004,0.83
KXNBAGAME-25NOV03LALPOR-POR,2025-11-03 22:00:00,Los Angeles Lakers,123,Portland Trail Blazers,115,Los Angeles Lakers,0.22999999999999998,0.77
KXNBAGAME-25NOV03MIALAC-LAC,2025-11-03 22:30:00,Miami Heat,120,Los Angeles Clippers,119,Miami Heat,0.26,0.74
KXNBAGAME-25NOV04MILTOR-TOR,2025-11-04 19:30:00,Milwaukee Bucks,100,Toronto Raptors,128,Toronto Raptors,0.45999999999999996,0.54
KXNBAGAME-25NOV04ORLATL-ATL,2025-11-04 20:00:00,Orlando Magic,112,Atlanta Hawks,127,Atlanta Hawks,0.61,0.39
KXNBAGAME-25NOV04PHICHI-CHI,2025-11-04 20:00:00,Philadelphia 76ers,111,Chicago Bulls,113,Chicago Bulls,0.44999999999999996,0.55
KXNBAGAME-25NOV04CHANOP-NOP,2025-11-04 20:00:00,Charlotte Hornets,112,New Orleans Pelicans,116,New Orleans Pelicans,0.42000000000000004,0.58
KXNBAGAME-25NOV04PHXGSW-GSW,2025-11-04 22:00:00,Phoenix Suns,107,Golden State Warriors,118,Golden State Warriors,0.19999999999999996,0.8
KXNBAGAME-25NOV04OKCLAC-LAC,2025-11-04 23:00:00,Oklahoma City Thunder,126,Los Angeles Clippers,107,Oklahoma City Thunder,0.73,0.27
KXNBAGAME-25NOV05PHICLE-CLE,2025-11-05 19:00:00,Philadelphia 76ers,121,Cleveland Cavaliers,132,Cleveland Cavaliers,0.18999999999999995,0.81
KXNBAGAME-25NOV05UTADET-DET,2025-11-05 19:00:00,Utah Jazz,103,Detroit Pistons,114,Detroit Pistons,0.20999999999999996,0.79
KXNBAGAME-25NOV05BKNIND-IND,2025-11-05 19:00:00,Brooklyn Nets,112,Indiana Pacers,103,Brooklyn Nets,0.30000000000000004,0.7
KXNBAGAME-25NOV05WASBOS-BOS,2025-11-05 19:30:00,Washington Wizards,107,Boston Celtics,136,Boston Celtics,0.15000000000000002,0.85
KXNBAGAME-25NOV05MINNYK-NYK,2025-11-05 19:30:00,Minnesota Timberwolves,114,New York Knicks,137,New York Knicks,0.4,0.6
KXNBAGAME-25NOV05HOUMEM-MEM,2025-11-05 20:00:00,Houston Rockets,124,Memphis Grizzlies,109,Houston Rockets,0.72,0.28
KXNBAGAME-25NOV05NOPDAL-DAL,2025-11-05 20:30:00,New Orleans Pelicans,101,Dallas Mavericks,99,New Orleans Pelicans,0.26,0.74
KXNBAGAME-25NOV05MIADEN-DEN,2025-11-05 21:00:00,Miami Heat,112,Denver Nuggets,122,Denver Nuggets,0.21999999999999997,0.78
KXNBAGAME-25NOV05SASLAL-LAL,2025-11-05 22:00:00,San Antonio Spurs,116,Los Angeles Lakers,118,Los Angeles Lakers,0.52,0.48
KXNBAGAME-25NOV05OKCPOR-POR,2025-11-05 22:00:00,Oklahoma City Thunder,119,Portland Trail Blazers,121,Portland Trail Blazers,0.61,0.39
KXNBAGAME-25NOV05GSWSAC-SAC,2025-11-05 22:00:00,Golden State Warriors,116,Sacramento Kings,121,Sacramento Kings,0.43000000000000005,0.57
KXNBAGAME-25NOV06LACPHX-PHX,2025-11-06 21:00:00,Los Angeles Clippers,102,Phoenix Suns,115,Phoenix Suns,0.42000000000000004,0.58
KXNBAGAME-25NOV07BOSORL-ORL,2025-11-07 19:00:00,Boston Celtics,110,Orlando Magic,123,Orlando Magic,0.39,0.61
KXNBAGAME-25NOV07CLEWAS-WAS,2025-11-07 19:00:00,Cleveland Cavaliers,148,Washington Wizards,115,Cleveland Cavaliers,0.86,0.14
KXNBAGAME-25NOV07TORATL-ATL,2025-11-07 19:30:00,Toronto Raptors,109,Atlanta Hawks,97,Toronto Raptors,0.43999999999999995,0.56
KXNBAGAME-25NOV07DETBKN-BKN,2025-11-07 19:30:00,Detroit Pistons,125,Brooklyn Nets,107,Detroit Pistons,0.8,0.2
KXNBAGAME-25NOV07HOUSAS-SAS,2025-11-07 19:30:00,Houston Rockets,110,San Antonio Spurs,121,San Antonio Spurs,0.5900000000000001,0.41
KXNBAGAME-25NOV07DALMEM-MEM,2025-11-07 20:00:00,Dallas Mavericks,104,Memphis Grizzlies,118,Memphis Grizzlies,0.37,0.63
KXNBAGAME-25NOV07CHAMIA-MIA,2025-11-07 20:00:00,Charlotte Hornets,108,Miami Heat,126,Miami Heat,0.29000000000000004,0.71
KXNBAGAME-25NOV07CHIMIL-MIL,2025-11-07 20:00:00,Chicago Bulls,110,Milwaukee Bucks,126,Milwaukee Bucks,0.38,0.62
KXNBAGAME-25NOV07UTAMIN-MIN,2025-11-07 20:00:00,Utah Jazz,97,Minnesota Timberwolves,137,Minnesota Timberwolves,0.16000000000000003,0.84
KXNBAGAME-25NOV07GSWDEN-DEN,2025-11-07 22:00:00,Golden State Warriors,104,Denver Nuggets,129,Denver Nuggets,0.19999999999999996,0.8
KXNBAGAME-25NOV07OKCSAC-SAC,2025-11-07 22:00:00,Oklahoma City Thunder,132,Sacramento Kings,101,Oklahoma City Thunder,0.8200000000000001,0.18
KXNBAGAME-25NOV08DALWAS-WAS,2025-11-08 19:00:00,Dallas Mavericks,111,Washington Wizards,105,Dallas Mavericks,0.61,0.39
KXNBAGAME-25NOV08TORPHI-PHI,2025-11-08 19:30:00,Toronto Raptors,120,Philadelphia 76ers,130,Philadelphia 76ers,0.35,0.65
KXNBAGAME-25NOV08LALATL-ATL,2025-11-08 20:00:00,Los Angeles Lakers,102,Atlanta Hawks,122,Atlanta Hawks,0.6699999999999999,0.33
KXNBAGAME-25NOV08CHICLE-CLE,2025-11-08 20:00:00,Chicago Bulls,122,Cleveland Cavaliers,128,Cleveland Cavaliers,0.22999999999999998,0.77
KXNBAGAME-25NOV08PORMIA-MIA,2025-11-08 20:00:00,Portland Trail Blazers,131,Miami Heat,136,Miami Heat,0.5900000000000001,0.41
KXNBAGAME-25NOV08NOPSAS-SAS,2025-11-08 20:00:00,New Orleans Pelicans,119,San Antonio Spurs,126,San Antonio Spurs,0.16000000000000003,0.84
KXNBAGAME-25NOV08INDDEN-DEN,2025-11-08 21:00:00,Indiana Pacers,100,Denver Nuggets,117,Denver Nuggets,0.18999999999999995,0.81
KXNBAGAME-25NOV08PHXLAC-LAC,2025-11-08 22:30:00,Phoenix Suns,114,Los Angeles Clippers,103,Phoenix Suns,0.36,0.64
KXNBAGAME-25NOV09HOUMIL-MIL,2025-11-09 15:30:00,Houston Rockets,122,Milwaukee Bucks,115,Houston Rockets,0.5900000000000001,0.41
KXNBAGAME-25NOV09OKCMEM-MEM,2025-11-09 18:00:00,Oklahoma City Thunder,114,Memphis Grizzlies,100,Oklahoma City Thunder,0.81,0.19
KXNBAGAME-25NOV09BKNNYK-NYK,2025-11-09 18:00:00,Brooklyn Nets,98,New York Knicks,134,New York Knicks,0.08999999999999997,0.91
KXNBAGAME-25NOV09BOSORL-ORL,2025-11-09 18:00:00,Boston Celtics,111,Orlando Magic,107,Boston Celtics,0.39,0.61
KXNBAGAME-25NOV09DETPHI-PHI,2025-11-09 19:30:00,Detroit Pistons,111,Philadelphia 76ers,108,Detroit Pistons,0.61,0.39
KXNBAGAME-25NOV09INDGSW-GSW,2025-11-09 20:30:00,Indiana Pacers,83,Golden State Warriors,114,Golden State Warriors,0.15000000000000002,0.85
KXNBAGAME-25NOV09MINSAC-SAC,2025-11-09 21:00:00,Minnesota Timberwolves,144,Sacramento Kings,117,Minnesota Timberwolves,0.64,0.36
KXNBAGAME-25NOV10LALCHA-CHA,2025-11-10 19:00:00,Los Angeles Lakers,121,Charlotte Hornets,111,Los Angeles Lakers,0.77,0.23
KXNBAGAME-25NOV10WASDET-DET,2025-11-10 19:00:00,Washington Wizards,135,Detroit Pistons,137,Detroit Pistons,0.17000000000000004,0.83
KXNBAGAME-25NOV10PORORL-ORL,2025-11-10 19:00:00,Portland Trail Blazers,112,Orlando Magic,115,Orlando Magic,0.44999999999999996,0.55
KXNBAGAME-25NOV10CLEMIA-MIA,2025-11-10 19:30:00,Cleveland Cavaliers,138,Miami Heat,140,Miami Heat,0.72,0.28
KXNBAGAME-25NOV10SASCHI-CHI,2025-11-10 20:00:00,San Antonio Spurs,121,Chicago Bulls,117,San Antonio Spurs,0.64,0.36
KXNBAGAME-25NOV10MILDAL-DAL,2025-11-10 20:30:00,Milwaukee Bucks,116,Dallas Mavericks,114,Milwaukee Bucks,0.5900000000000001,0.41
KXNBAGAME-25NOV10NOPPHX-PHX,2025-11-10 21:00:00,New Orleans Pelicans,98,Phoenix Suns,121,Phoenix Suns,0.24,0.76
KXNBAGAME-25NOV10MINUTA-UTA,2025-11-10 21:00:00,Minnesota Timberwolves,120,Utah Jazz,113,Minnesota Timberwolves,0.72,0.28
KXNBAGAME-25NOV10ATLLAC-LAC,2025-11-10 22:30:00,Atlanta Hawks,105,Los Angeles Clippers,102,Atlanta Hawks,0.36,0.64
KXNBAGAME-25NOV11TORBKN-BKN,2025-11-11 19:30:00,Toronto Raptors,119,Brooklyn Nets,109,Toronto Raptors,0.78,0.22
KXNBAGAME-25NOV11MEMNYK-NYK,2025-11-11 19:30:00,Memphis Grizzlies,120,New York Knicks,133,New York Knicks,0.19999999999999996,0.8
KXNBAGAME-25NOV11GSWOKC-OKC,2025-11-11 20:00:00,Golden State Warriors,102,Oklahoma City Thunder,126,Oklahoma City Thunder,0.25,0.75
KXNBAGAME-25NOV11BOSPHI-PHI,2025-11-11 20:00:00,Boston Celtics,100,Philadelphia 76ers,102,Philadelphia 76ers,0.52,0.48
KXNBAGAME-25NOV11INDUTA-UTA,2025-11-11 21:00:00,Indiana Pacers,128,Utah Jazz,152,Utah Jazz,0.54,0.46
KXNBAGAME-25NOV11DENSAC-SAC,2025-11-11 23:00:00,Denver Nuggets,122,Sacramento Kings,108,Denver Nuggets,0.75,0.25
KXNBAGAME-25NOV12MILCHA-CHA,2025-11-12 19:00:00,Milwaukee Bucks,100,Charlotte Hornets,111,Charlotte Hornets,0.5800000000000001,0.42
KXNBAGAME-25NOV12CHIDET-DET,2025-11-12 19:00:00,Chicago Bulls,113,Detroit Pistons,124,Detroit Pistons,0.56,0.44
KXNBAGAME-25NOV12ORLNYK-NYK,2025-11-12 19:00:00,Orlando Magic,124,New York Knicks,107,Orlando Magic,0.37,0.63
KXNBAGAME-25NOV12MEMBOS-BOS,2025-11-12 19:30:00,Memphis Grizzlies,95,Boston Celtics,131,Boston Celtics,0.25,0.75
KXNBAGAME-25NOV12CLEMIA-MIA,2025-11-12 19:30:00,Cleveland Cavaliers,130,Miami Heat,116,Cleveland Cavaliers,0.36,0.64
KXNBAGAME-25NOV12WASHOU-HOU,2025-11-12 20:00:00,Washington Wizards,112,Houston Rockets,135,Houston Rockets,0.07999999999999996,0.92
KXNBAGAME-25NOV12PORNOP-NOP,2025-11-12 20:00:00,Portland Trail Blazers,125,New Orleans Pelicans,117,Portland Trail Blazers,0.74,0.26
KXNBAGAME-25NOV12GSWSAS-SAS,2025-11-12 20:00:00,Golden State Warriors,125,San Antonio Spurs,120,Golden State Warriors,0.39,0.61
KXNBAGAME-25NOV12PHXDAL-DAL,2025-11-12 20:30:00,Phoenix Suns,123,Dallas Mavericks,114,Phoenix Suns,0.54,0.46
KXNBAGAME-25NOV12LALOKC-OKC,2025-11-12 21:30:00,Los Angeles Lakers,92,Oklahoma City Thunder,121,Oklahoma City Thunder,0.25,0.75
KXNBAGAME-25NOV12ATLSAC-SAC,2025-11-12 22:00:00,Atlanta Hawks,133,Sacramento Kings,100,Atlanta Hawks,0.62,0.38
KXNBAGAME-25NOV12DENLAC-LAC,2025-11-12 22:30:00,Denver Nuggets,130,Los Angeles Clippers,116,Denver Nuggets,0.64,0.36
KXNBAGAME-25NOV13TORCLE-CLE,2025-11-13 19:00:00,Toronto Raptors,126,Cleveland Cavaliers,113,Toronto Raptors,0.28,0.72
KXNBAGAME-25NOV13INDPHX-PHX,2025-11-13 21:00:00,Indiana Pacers,98,Phoenix Suns,133,Phoenix Suns,0.38,0.62
KXNBAGAME-25NOV13ATLUTA-UTA,2025-11-13 21:00:00,Atlanta Hawks,132,Utah Jazz,122,Atlanta Hawks,0.53,0.47
KXNBAGAME-25NOV14MIANYK-NYK,2025-11-14 19:00:00,Miami Heat,132,New York Knicks,140,New York Knicks,0.31999999999999995,0.68
KXNBAGAME-25NOV14BKNORL-ORL,2025-11-14 19:00:00,Brooklyn Nets,98,Orlando Magic,105,Orlando Magic,0.10999999999999999,0.89
KXNBAGAME-25NOV14PHIDET-DET,2025-11-14 19:30:00,Philadelphia 76ers,105,Detroit Pistons,114,Detroit Pistons,0.48,0.52
KXNBAGAME-25NOV14PORHOU-HOU,2025-11-14 20:00:00,Portland Trail Blazers,116,Houston Rockets,140,Houston Rockets,0.26,0.74
KXNBAGAME-25NOV14CHAMIL-MIL,2025-11-14 20:00:00,Charlotte Hornets,134,Milwaukee Bucks,147,Milwaukee Bucks,0.21999999999999997,0.78
KXNBAGAME-25NOV14SACMIN-MIN,2025-11-14 20:00:00,Sacramento Kings,110,Minnesota Timberwolves,124,Minnesota Timberwolves,0.17000000000000004,0.83
KXNBAGAME-25NOV14LALNOP-NOP,2025-11-14 20:00:00,Los Angeles Lakers,118,New Orleans Pelicans,104,Los Angeles Lakers,0.8,0.2
KXNBAGAME-25NOV14LACDAL-DAL,2025-11-14 20:30:00,Los Angeles Clippers,133,Dallas Mavericks,127,Los Angeles Clippers,0.5900000000000001,0.41
KXNBAGAME-25NOV14GSWSAS-SAS,2025-11-14 21:30:00,Golden State Warriors,109,San Antonio Spurs,108,Golden State Warriors,0.42000000000000004,0.58
KXNBAGAME-25NOV15MEMCLE-CLE,2025-11-15 17:00:00,Memphis Grizzlies,100,Cleveland Cavaliers,108,Cleveland Cavaliers,0.18999999999999995,0.81
KXNBAGAME-25NOV15OKCCHA-CHA,2025-11-15 19:00:00,Oklahoma City Thunder,109,Charlotte Hornets,96,Oklahoma City Thunder,0.91,0.09
KXNBAGAME-25NOV15TORIND-IND,2025-11-15 19:00:00,Toronto Raptors,129,Indiana Pacers,111,Toronto Raptors,0.69,0.31
KXNBAGAME-25NOV15LALMIL-MIL,2025-11-15 20:00:00,Los Angeles Lakers,119,Milwaukee Bucks,95,Los Angeles Lakers,0.44999999999999996,0.55
KXNBAGAME-25NOV15DENMIN-MIN,2025-11-15 20:00:00,Denver Nuggets,123,Minnesota Timberwolves,112,Denver Nuggets,0.52,0.48
KXNBAGAME-25NOV16LACBOS-BOS,2025-11-16 15:30:00,Los Angeles Clippers,118,Boston Celtics,121,Boston Celtics,0.32999999999999996,0.67
KXNBAGAME-25NOV16SACSAS-SAS,2025-11-16 16:00:00,Sacramento Kings,110,San Antonio Spurs,123,San Antonio Spurs,0.30000000000000004,0.7
KXNBAGAME-25NOV16BKNWAS-WAS,2025-11-16 18:00:00,Brooklyn Nets,129,Washington Wizards,106,Brooklyn Nets,0.42000000000000004,0.58
KXNBAGAME-25NOV16ORLHOU-HOU,2025-11-16 19:00:00,Orlando Magic,113,Houston Rockets,117,Houston Rockets,0.24,0.76
KXNBAGAME-25NOV16GSWNOP-NOP,2025-11-16 19:00:00,Golden State Warriors,124,New Orleans Pelicans,106,Golden State Warriors,0.8200000000000001,0.18
KXNBAGAME-25NOV16PORDAL-DAL,2025-11-16 19:30:00,Portland Trail Blazers,133,Dallas Mavericks,138,Dallas Mavericks,0.5800000000000001,0.42
KXNBAGAME-25NOV16ATLPHX-PHX,2025-11-16 20:00:00,Atlanta Hawks,124,Phoenix Suns,122,Atlanta Hawks,0.47,0.53
KXNBAGAME-25NOV16CHIUTA-UTA,2025-11-16 20:00:00,Chicago Bulls,147,Utah Jazz,150,Utah Jazz,0.62,0.38
KXNBAGAME-25NOV17MILCLE-CLE,2025-11-17 19:00:00,Milwaukee Bucks,106,Cleveland Cavaliers,118,Cleveland Cavaliers,0.30000000000000004,0.7
KXNBAGAME-25NOV17INDDET-DET,2025-11-17 19:00:00,Indiana Pacers,112,Detroit Pistons,127,Detroit Pistons,0.25,0.75
KXNBAGAME-25NOV17LACPHI-PHI,2025-11-17 19:00:00,Los Angeles Clippers,108,Philadelphia 76ers,110,Philadelphia 76ers,0.35,0.65
KXNBAGAME-25NOV17NYKMIA-MIA,2025-11-17 19:30:00,New York Knicks,113,Miami Heat,115,Miami Heat,0.48,0.52
KXNBAGAME-25NOV17CHATOR-TOR,2025-11-17 19:30:00,Charlotte Hornets,108,Toronto Raptors,110,Toronto Raptors,0.22999999999999998,0.77
KXNBAGAME-25NOV17DALMIN-MIN,2025-11-17 20:00:00,Dallas Mavericks,96,Minnesota Timberwolves,120,Minnesota Timberwolves,0.10999999999999999,0.89
KXNBAGAME-25NOV17OKCNOP-NOP,2025-11-17 20:00:00,Oklahoma City Thunder,126,New Orleans Pelicans,109,Oklahoma City Thunder,0.9299999999999999,0.07
KXNBAGAME-25NOV17CHIDEN-DEN,2025-11-17 21:00:00,Chicago Bulls,130,Denver Nuggets,127,Chicago Bulls,0.12,0.88
KXNBAGAME-25NOV18GSWORL-ORL,2025-11-18 19:00:00,Golden State Warriors,113,Orlando Magic,121,Orlando Magic,0.56,0.44
KXNBAGAME-25NOV18DETATL-ATL,2025-11-18 19:30:00,Detroit Pistons,120,Atlanta Hawks,112,Detroit Pistons,0.51,0.49
KXNBAGAME-25NOV18BOSBKN-BKN,2025-11-18 19:30:00,Boston Celtics,113,Brooklyn Nets,99,Boston Celtics,0.83,0.17
KXNBAGAME-25NOV18MEMSAS-SAS,2025-11-18 20:00:00,Memphis Grizzlies,101,San Antonio Spurs,111,San Antonio Spurs,0.31000000000000005,0.69
KXNBAGAME-25NOV18UTALAL-LAL,2025-11-18 22:30:00,Utah Jazz,126,Los Angeles Lakers,140,Los Angeles Lakers,0.15000000000000002,0.85
KXNBAGAME-25NOV18PHXPOR-POR,2025-11-18 23:00:00,Phoenix Suns,127,Portland Trail Blazers,110,Phoenix Suns,0.47,0.53
KXNBAGAME-25NOV19HOUCLE-CLE,2025-11-19 19:00:00,Houston Rockets,114,Cleveland Cavaliers,104,Houston Rockets,0.53,0.47
KXNBAGAME-25NOV19CHAIND-IND,2025-11-19 19:00:00,Charlotte Hornets,118,Indiana Pacers,127,Indiana Pacers,0.53,0.47
KXNBAGAME-25NOV19TORPHI-PHI,2025-11-19 19:00:00,Toronto Raptors,121,Philadelphia 76ers,112,Toronto Raptors,0.56,0.44
KXNBAGAME-25NOV19GSWMIA-MIA,2025-11-19 19:30:00,Golden State Warriors,96,Miami Heat,110,Miami Heat,0.20999999999999996,0.79
KXNBAGAME-25NOV19WASMIN-MIN,2025-11-19 20:00:00,Washington Wizards,109,Minnesota Timberwolves,120,Minnesota Timberwolves,0.07999999999999996,0.92
KXNBAGAME-25NOV19DENNOP-NOP,2025-11-19 20:00:00,Denver Nuggets,125,New Orleans Pelicans,118,Denver Nuggets,0.83,0.17
KXNBAGAME-25NOV19SACOKC-OKC,2025-11-19 20:00:00,Sacramento Kings,99,Oklahoma City Thunder,113,Oklahoma City Thunder,0.06000000000000005,0.94
KXNBAGAME-25NOV19NYKDAL-DAL,2025-11-19 21:30:00,New York Knicks,113,Dallas Mavericks,111,New York Knicks,0.76,0.24
KXNBAGAME-25NOV19CHIPOR-POR,2025-11-19 22:00:00,Chicago Bulls,122,Portland Trail Blazers,121,Chicago Bulls,0.5900000000000001,0.41
KXNBAGAME-25NOV20LACORL-ORL,2025-11-20 19:00:00,Los Angeles Clippers,101,Orlando Magic,129,Orlando Magic,0.31000000000000005,0.69
KXNBAGAME-25NOV20SACMEM-MEM,2025-11-20 20:00:00,Sacramento Kings,96,Memphis Grizzlies,137,Memphis Grizzlies,0.41000000000000003,0.59
KXNBAGAME-25NOV20PHIMIL-MIL,2025-11-20 20:00:00,Philadelphia 76ers,123,Milwaukee Bucks,114,Philadelphia 76ers,0.53,0.47
KXNBAGAME-25NOV20ATLSAS-SAS,2025-11-20 20:00:00,Atlanta Hawks,126,San Antonio Spurs,135,San Antonio Spurs,0.5,0.5
KXNBAGAME-25NOV21INDCLE-CLE,2025-11-21 19:00:00,Indiana Pacers,109,Cleveland Cavaliers,120,Cleveland Cavaliers,0.12,0.88
KXNBAGAME-25NOV21BKNBOS-BOS,2025-11-21 19:30:00,Brooklyn Nets,113,Boston Celtics,105,Brooklyn Nets,0.12,0.88
KXNBAGAME-25NOV21WASTOR-TOR,2025-11-21 19:30:00,Washington Wizards,110,Toronto Raptors,140,Toronto Raptors,0.10999999999999999,0.89
KXNBAGAME-25NOV21MIACHI-CHI,2025-11-21 20:00:00,Miami Heat,143,Chicago Bulls,107,Miami Heat,0.43999999999999995,0.56
KXNBAGAME-25NOV21NOPDAL-DAL,2025-11-21 20:30:00,New Orleans Pelicans,115,Dallas Mavericks,118,Dallas Mavericks,0.4,0.6
KXNBAGAME-25NOV21MINPHX-PHX,2025-11-21 21:00:00,Minnesota Timberwolves,113,Phoenix Suns,114,Phoenix Suns,0.62,0.38
KXNBAGAME-25NOV21DENHOU-HOU,2025-11-21 21:30:00,Denver Nuggets,112,Houston Rockets,109,Denver Nuggets,0.41000000000000003,0.59
KXNBAGAME-25NOV21PORGSW-GSW,2025-11-21 22:00:00,Portland Trail Blazers,127,Golden State Warriors,123,Portland Trail Blazers,0.20999999999999996,0.79
KXNBAGAME-25NOV21OKCUTA-UTA,2025-11-21 22:00:00,Oklahoma City Thunder,144,Utah Jazz,112,Oklahoma City Thunder,0.9,0.1
KXNBAGAME-25NOV22LACCHA-CHA,2025-11-22 13:00:00,Los Angeles Clippers,131,Charlotte Hornets,116,Los Angeles Clippers,0.49,0.51
KXNBAGAME-25NOV22NYKORL-ORL,2025-11-22 17:00:00,New York Knicks,121,Orlando Magic,133,Orlando Magic,0.44999999999999996,0.55
KXNBAGAME-25NOV22ATLNOP-NOP,2025-11-22 19:00:00,Atlanta Hawks,115,New Orleans Pelicans,98,Atlanta Hawks,0.8,0.2
KXNBAGAME-25NOV22WASCHI-CHI,2025-11-22 20:00:00,Washington Wizards,120,Chicago Bulls,121,Chicago Bulls,0.14,0.86
KXNBAGAME-25NOV22DETMIL-MIL,2025-11-22 20:00:00,Detroit Pistons,129,Milwaukee Bucks,116,Detroit Pistons,0.75,0.25
KXNBAGAME-25NOV22MEMDAL-DAL,2025-11-22 20:30:00,Memphis Grizzlies,102,Dallas Mavericks,96,Memphis Grizzlies,0.5,0.5
KXNBAGAME-25NOV22SACDEN-DEN,2025-11-22 22:00:00,Sacramento Kings,128,Denver Nuggets,123,Sacramento Kings,0.16000000000000003,0.84
KXNBAGAME-25NOV23MIAPHI-PHI,2025-11-23 13:00:00,Miami Heat,127,Philadelphia 76ers,117,Miami Heat,0.5,0.5
KXNBAGAME-25NOV23CHAATL-ATL,2025-11-23 18:00:00,Charlotte Hornets,110,Atlanta Hawks,113,Atlanta Hawks,0.26,0.74
KXNBAGAME-25NOV23ORLBOS-BOS,2025-11-23 18:00:00,Orlando Magic,129,Boston Celtics,138,Boston Celtics,0.38,0.62
KXNBAGAME-25NOV23LACCLE-CLE,2025-11-23 18:00:00,Los Angeles Clippers,105,Cleveland Cavaliers,120,Cleveland Cavaliers,0.25,0.75
KXNBAGAME-25NOV23BKNTOR-TOR,2025-11-23 18:00:00,Brooklyn Nets,109,Toronto Raptors,119,Toronto Raptors,0.16000000000000003,0.84
KXNBAGAME-25NOV23POROKC-OKC,2025-11-23 19:00:00,Portland Trail Blazers,95,Oklahoma City Thunder,122,Oklahoma City Thunder,0.09999999999999998,0.9
KXNBAGAME-25NOV23SASPHX-PHX,2025-11-23 20:00:00,San Antonio Spurs,102,Phoenix Suns,111,Phoenix Suns,0.45999999999999996,0.54
KXNBAGAME-25NOV23LALUTA-UTA,2025-11-23 20:00:00,Los Angeles Lakers,108,Utah Jazz,106,Los Angeles Lakers,0.78,0.22
KXNBAGAME-25NOV24DETIND-IND,2025-11-24 19:00:00,Detroit Pistons,122,Indiana Pacers,117,Detroit Pistons,0.78,0.22
KXNBAGAME-25NOV24CLETOR-TOR,2025-11-24 19:00:00,Cleveland Cavaliers,99,Toronto Raptors,110,Toronto Raptors,0.45999999999999996,0.54
KXNBAGAME-25NOV24NYKBKN-BKN,2025-11-24 19:30:00,New York Knicks,113,Brooklyn Nets,100,New York Knicks,0.85,0.15
KXNBAGAME-25NOV24DALMIA-MIA,2025-11-24 19:30:00,Dallas Mavericks,102,Miami Heat,106,Miami Heat,0.28,0.72
KXNBAGAME-25NOV24DENMEM-MEM,2025-11-24 20:00:00,Denver Nuggets,125,Memphis Grizzlies,115,Denver Nuggets,0.72,0.28
KXNBAGAME-25NOV24PORMIL-MIL,2025-11-24 20:00:00,Portland Trail Blazers,115,Milwaukee Bucks,103,Portland Trail Blazers,0.48,0.52
KXNBAGAME-25NOV24CHINOP-NOP,2025-11-24 20:00:00,Chicago Bulls,130,New Orleans Pelicans,143,New Orleans Pelicans,0.64,0.36
KXNBAGAME-25NOV24HOUPHX-PHX,2025-11-24 21:30:00,Houston Rockets,114,Phoenix Suns,92,Houston Rockets,0.6699999999999999,0.33
KXNBAGAME-25NOV24UTAGSW-GSW,2025-11-24 22:00:00,Utah Jazz,117,Golden State Warriors,134,Golden State Warriors,0.14,0.86
KXNBAGAME-25NOV24MINSAC-SAC,2025-11-24 22:00:00,Minnesota Timberwolves,112,Sacramento Kings,117,Sacramento Kings,0.8,0.2
KXNBAGAME-25NOV25ATLWAS-WAS,2025-11-25 19:00:00,Atlanta Hawks,113,Washington Wizards,132,Washington Wizards,0.8200000000000001,0.18
KXNBAGAME-25NOV25ORLPHI-PHI,2025-11-25 20:00:00,Orlando Magic,144,Philadelphia 76ers,103,Orlando Magic,0.64,0.36
KXNBAGAME-25NOV25LACLAL-LAL,2025-11-25 23:00:00,Los Angeles Clippers,118,Los Angeles Lakers,135,Los Angeles Lakers,0.29000000000000004,0.71
KXNBAGAME-25NOV26DETBOS-BOS,2025-11-26 17:00:00,Detroit Pistons,114,Boston Celtics,117,Boston Celtics,0.54,0.46
KXNBAGAME-25NOV26NYKCHA-CHA,2025-11-26 19:00:00,New York Knicks,129,Charlotte Hornets,101,New York Knicks,0.7,0.3
KXNBAGAME-25NOV26MILMIA-MIA,2025-11-26 19:30:00,Milwaukee Bucks,103,Miami Heat,106,Miami Heat,0.19999999999999996,0.8
KXNBAGAME-25NOV26MINOKC-OKC,2025-11-26 19:30:00,Minnesota Timberwolves,105,Oklahoma City Thunder,113,Oklahoma City Thunder,0.19999999999999996,0.8
KXNBAGAME-25NOV26INDTOR-TOR,2025-11-26 19:30:00,Indiana Pacers,95,Toronto Raptors,97,Toronto Raptors,0.18999999999999995,0.81
KXNBAGAME-25NOV26MEMNOP-NOP,2025-11-26 20:00:00,Memphis Grizzlies,133,New Orleans Pelicans,128,Memphis Grizzlies,0.5900000000000001,0.41
KXNBAGAME-25NOV26HOUGSW-GSW,2025-11-26 22:00:00,Houston Rockets,104,Golden State Warriors,100,Houston Rockets,0.4,0.6
KXNBAGAME-25NOV26SASPOR-POR,2025-11-26 22:00:00,San Antonio Spurs,115,Portland Trail Blazers,102,San Antonio Spurs,0.5,0.5
KXNBAGAME-25NOV26PHXSAC-SAC,2025-11-26 22:00:00,Phoenix Suns,112,Sacramento Kings,100,Phoenix Suns,0.63,0.37
KXNBAGAME-25NOV28CLEATL-ATL,2025-11-28 19:30:00,Cleveland Cavaliers,123,Atlanta Hawks,130,Atlanta Hawks,0.6799999999999999,0.32
KXNBAGAME-25NOV28PHIBKN-BKN,2025-11-28 19:30:00,Philadelphia 76ers,115,Brooklyn Nets,103,Philadelphia 76ers,0.71,0.29
KXNBAGAME-25NOV28CHICHA-CHA,2025-11-28 19:30:00,Chicago Bulls,116,Charlotte Hornets,123,Charlotte Hornets,0.56,0.44
KXNBAGAME-25NOV28ORLDET-DET,2025-11-28 19:30:00,Orlando Magic,112,Detroit Pistons,109,Orlando Magic,0.4,0.6
KXNBAGAME-25NOV28WASIND-IND,2025-11-28 19:30:00,Washington Wizards,86,Indiana Pacers,119,Indiana Pacers,0.31999999999999995,0.68
KXNBAGAME-25NOV28MILNYK-NYK,2025-11-28 19:30:00,Milwaukee Bucks,109,New York Knicks,118,New York Knicks,0.28,0.72
KXNBAGAME-25NOV28SASDEN-DEN,2025-11-28 21:30:00,San Antonio Spurs,139,Denver Nuggets,136,San Antonio Spurs,0.27,0.73
KXNBAGAME-25NOV28PHXOKC-OKC,2025-11-28 21:30:00,Phoenix Suns,119,Oklahoma City Thunder,123,Oklahoma City Thunder,0.10999999999999999,0.89
KXNBAGAME-25NOV28SACUTA-UTA,2025-11-28 21:30:00,Sacramento Kings,119,Utah Jazz,128,Utah Jazz,0.43000000000000005,0.57
KXNBAGAME-25NOV28MEMLAC-LAC,2025-11-28 22:00:00,Memphis Grizzlies,112,Los Angeles Clippers,107,Memphis Grizzlies,0.30000000000000004,0.7
KXNBAGAME-25NOV28DALLAL-LAL,2025-11-28 22:00:00,Dallas Mavericks,119,Los Angeles Lakers,129,Los Angeles Lakers,0.18999999999999995,0.81
KXNBAGAME-25NOV29BOSMIN-MIN,2025-11-29 17:00:00,Boston Celtics,115,Minnesota Timberwolves,119,Minnesota Timberwolves,0.31000000000000005,0.69
KXNBAGAME-25NOV29TORCHA-CHA,2025-11-29 18:00:00,Toronto Raptors,111,Charlotte Hornets,118,Charlotte Hornets,0.72,0.28
KXNBAGAME-25NOV29CHIIND-IND,2025-11-29 19:30:00,Chicago Bulls,101,Indiana Pacers,103,Indiana Pacers,0.5700000000000001,0.43
KXNBAGAME-25NOV29DETMIA-MIA,2025-11-29 20:00:00,Detroit Pistons,138,Miami Heat,135,Detroit Pistons,0.4,0.6
KXNBAGAME-25NOV29BKNMIL-MIL,2025-11-29 20:00:00,Brooklyn Nets,99,Milwaukee Bucks,116,Milwaukee Bucks,0.16000000000000003,0.84
KXNBAGAME-25NOV29NOPGSW-GSW,2025-11-29 20:30:00,New Orleans Pelicans,96,Golden State Warriors,104,Golden State Warriors,0.19999999999999996,0.8
KXNBAGAME-25NOV29DENPHX-PHX,2025-11-29 21:00:00,Denver Nuggets,130,Phoenix Suns,112,Denver Nuggets,0.61,0.39
KXNBAGAME-25NOV29DALLAC-LAC,2025-11-29 22:00:00,Dallas Mavericks,114,Los Angeles Clippers,110,Dallas Mavericks,0.24,0.76
KXNBAGAME-25NOV30HOUUTA-UTA,2025-11-30 15:00:00,Houston Rockets,129,Utah Jazz,101,Houston Rockets,0.8200000000000001,0.18
KXNBAGAME-25NOV30BOSCLE-CLE,2025-11-30 18:00:00,Boston Celtics,117,Cleveland Cavaliers,115,Boston Celtics,0.28,0.72
KXNBAGAME-25NOV30TORNYK-NYK,2025-11-30 18:00:00,Toronto Raptors,94,New York Knicks,116,New York Knicks,0.24,0.76
KXNBAGAME-25NOV30ATLPHI-PHI,2025-11-30 18:00:00,Atlanta Hawks,142,Philadelphia 76ers,134,Atlanta Hawks,0.42000000000000004,0.58
KXNBAGAME-25NOV30OKCPOR-POR,2025-11-30 18:00:00,Oklahoma City Thunder,123,Portland Trail Blazers,115,Oklahoma City Thunder,0.84,0.16
KXNBAGAME-25NOV30SASMIN-MIN,2025-11-30 19:00:00,San Antonio Spurs,112,Minnesota Timberwolves,125,Minnesota Timberwolves,0.36,0.64
KXNBAGAME-25NOV30MEMSAC-SAC,2025-11-30 21:00:00,Memphis Grizzlies,115,Sacramento Kings,107,Memphis Grizzlies,0.5700000000000001,0.43
KXNBAGAME-25NOV30NOPLAL-LAL,2025-11-30 21:30:00,New Orleans Pelicans,121,Los Angeles Lakers,133,Los Angeles Lakers,0.08999999999999997,0.91
KXNBAGAME-25DEC01ATLDET-DET,2025-12-01 19:00:00,Atlanta Hawks,98,Detroit Pistons,99,Detroit Pistons,0.20999999999999996,0.79
KXNBAGAME-25DEC01CLEIND-IND,2025-12-01 19:00:00,Cleveland Cavaliers,135,Indiana Pacers,119,Cleveland Cavaliers,0.62,0.38
KXNBAGAME-25DEC01MILWAS-WAS,2025-12-01 19:00:00,Milwaukee Bucks,126,Washington Wizards,129,Washington Wizards,0.79,0.21
KXNBAGAME-25DEC01CHABKN-BKN,2025-12-01 19:30:00,Charlotte Hornets,103,Brooklyn Nets,116,Brooklyn Nets,0.62,0.38
KXNBAGAME-25DEC01LACMIA-MIA,2025-12-01 19:30:00,Los Angeles Clippers,123,Miami Heat,140,Miami Heat,0.30000000000000004,0.7
KXNBAGAME-25DEC01CHIORL-ORL,2025-12-01 19:30:00,Chicago Bulls,120,Orlando Magic,125,Orlando Magic,0.21999999999999997,0.78
KXNBAGAME-25DEC01DALDEN-DEN,2025-12-01 21:00:00,Dallas Mavericks,131,Denver Nuggets,121,Dallas Mavericks,0.17000000000000004,0.83
KXNBAGAME-25DEC01HOUUTA-UTA,2025-12-01 21:00:00,Houston Rockets,125,Utah Jazz,133,Utah Jazz,0.83,0.17
KXNBAGAME-25DEC01PHXLAL-LAL,2025-12-01 22:00:00,Phoenix Suns,125,Los Angeles Lakers,108,Phoenix Suns,0.31000000000000005,0.69
KXNBAGAME-25DEC02WASPHI-PHI,2025-12-02 19:00:00,Washington Wizards,102,Philadelphia 76ers,121,Philadelphia 76ers,0.13,0.87
KXNBAGAME-25DEC02PORTOR-TOR,2025-12-02 19:30:00,Portland Trail Blazers,118,Toronto Raptors,121,Toronto Raptors,0.33999999999999997,0.66
KXNBAGAME-25DEC02NYKBOS-BOS,2025-12-02 20:00:00,New York Knicks,117,Boston Celtics,123,Boston Celtics,0.53,0.47
KXNBAGAME-25DEC02MINNOP-NOP,2025-12-02 20:00:00,Minnesota Timberwolves,149,New Orleans Pelicans,142,Minnesota Timberwolves,0.85,0.15
KXNBAGAME-25DEC02MEMSAS-SAS,2025-12-02 20:00:00,Memphis Grizzlies,119,San Antonio Spurs,126,San Antonio Spurs,0.35,0.65
KXNBAGAME-25DEC02OKCGSW-GSW,2025-12-02 23:00:00,Oklahoma City Thunder,124,Golden State Warriors,112,Oklahoma City Thunder,0.8,0.2
KXNBAGAME-25DEC03PORCLE-CLE,2025-12-03 19:00:00,Portland Trail Blazers,122,Cleveland Cavaliers,110,Portland Trail Blazers,0.18000000000000005,0.82
KXNBAGAME-25DEC03DENIND-IND,2025-12-03 19:00:00,Denver Nuggets,135,Indiana Pacers,120,Denver Nuggets,0.74,0.26
KXNBAGAME-25DEC03SASORL-ORL,2025-12-03 19:00:00,San Antonio Spurs,114,Orlando Magic,112,San Antonio Spurs,0.25,0.75
KXNBAGAME-25DEC03LACATL-ATL,2025-12-03 19:30:00,Los Angeles Clippers,115,Atlanta Hawks,92,Los Angeles Clippers,0.44999999999999996,0.55
KXNBAGAME-25DEC03CHANYK-NYK,2025-12-03 19:30:00,Charlotte Hornets,104,New York Knicks,119,New York Knicks,0.20999999999999996,0.79
KXNBAGAME-25DEC03BKNCHI-CHI,2025-12-03 20:00:00,Brooklyn Nets,113,Chicago Bulls,103,Brooklyn Nets,0.24,0.76
KXNBAGAME-25DEC03SACHOU-HOU,2025-12-03 20:00:00,Sacramento Kings,95,Houston Rockets,121,Houston Rockets,0.08999999999999997,0.91
KXNBAGAME-25DEC03DETMIL-MIL,2025-12-03 20:00:00,Detroit Pistons,109,Milwaukee Bucks,113,Milwaukee Bucks,0.63,0.37
KXNBAGAME-25DEC03MIADAL-DAL,2025-12-03 20:30:00,Miami Heat,108,Dallas Mavericks,118,Dallas Mavericks,0.62,0.38
KXNBAGAME-25DEC04GSWPHI-PHI,2025-12-04 19:00:00,Golden State Warriors,98,Philadelphia 76ers,99,Philadelphia 76ers,0.38,0.62
KXNBAGAME-25DEC04BOSWAS-WAS,2025-12-04 19:00:00,Boston Celtics,146,Washington Wizards,101,Boston Celtics,0.81,0.19
KXNBAGAME-25DEC04UTABKN-BKN,2025-12-04 19:30:00,Utah Jazz,123,Brooklyn Nets,110,Utah Jazz,0.63,0.37
KXNBAGAME-25DEC04LALTOR-TOR,2025-12-04 19:30:00,Los Angeles Lakers,123,Toronto Raptors,120,Los Angeles Lakers,0.43999999999999995,0.56
KXNBAGAME-25DEC04MINNOP-NOP,2025-12-04 20:00:00,Minnesota Timberwolves,125,New Orleans Pelicans,116,Minnesota Timberwolves,0.83,0.17
KXNBAGAME-25DEC05LALBOS-BOS,2025-12-05 19:00:00,Los Angeles Lakers,105,Boston Celtics,126,Boston Celtics,0.25,0.75
KXNBAGAME-25DEC05MIAORL-ORL,2025-12-05 19:00:00,Miami Heat,105,Orlando Magic,106,Orlando Magic,0.32999999999999996,0.67
KXNBAGAME-25DEC05DENATL-ATL,2025-12-05 19:30:00,Denver Nuggets,134,Atlanta Hawks,133,Denver Nuggets,0.5900000000000001,0.41
KXNBAGAME-25DEC05SASCLE-CLE,2025-12-05 19:30:00,San Antonio Spurs,117,Cleveland Cavaliers,130,Cleveland Cavaliers,0.36,0.64
KXNBAGAME-25DEC05PORDET-DET,2025-12-05 19:30:00,Portland Trail Blazers,116,Detroit Pistons,122,Detroit Pistons,0.24,0.76
KXNBAGAME-25DEC05UTANYK-NYK,2025-12-05 19:30:00,Utah Jazz,112,New York Knicks,146,New York Knicks,0.09999999999999998,0.9
KXNBAGAME-25DEC05CHATOR-TOR,2025-12-05 19:30:00,Charlotte Hornets,111,Toronto Raptors,86,Charlotte Hornets,0.28,0.72
KXNBAGAME-25DEC05INDCHI-CHI,2025-12-05 20:00:00,Indiana Pacers,120,Chicago Bulls,105,Indiana Pacers,0.35,0.65
KXNBAGAME-25DEC05PHXHOU-HOU,2025-12-05 20:00:00,Phoenix Suns,98,Houston Rockets,117,Houston Rockets,0.21999999999999997,0.78
KXNBAGAME-25DEC05LACMEM-MEM,2025-12-05 20:00:00,Los Angeles Clippers,98,Memphis Grizzlies,107,Memphis Grizzlies,0.54,0.46
KXNBAGAME-25DEC05PHIMIL-MIL,2025-12-05 20:00:00,Philadelphia 76ers,116,Milwaukee Bucks,101,Philadelphia 76ers,0.5,0.5
KXNBAGAME-25DEC05DALOKC-OKC,2025-12-05 21:30:00,Dallas Mavericks,111,Oklahoma City Thunder,132,Oklahoma City Thunder,0.09999999999999998,0.9
KXNBAGAME-25DEC06NOPBKN-BKN,2025-12-06 17:00:00,New Orleans Pelicans,101,Brooklyn Nets,119,Brooklyn Nets,0.38,0.62
KXNBAGAME-25DEC06ATLWAS-WAS,2025-12-06 19:00:00,Atlanta Hawks,131,Washington Wizards,116,Atlanta Hawks,0.79,0.21
KXNBAGAME-25DEC06GSWCLE-CLE,2025-12-06 19:30:00,Golden State Warriors,99,Cleveland Cavaliers,94,Golden State Warriors,0.22999999999999998,0.77
KXNBAGAME-25DEC06MILDET-DET,2025-12-06 19:30:00,Milwaukee Bucks,112,Detroit Pistons,124,Detroit Pistons,0.15000000000000002,0.85
KXNBAGAME-25DEC06SACMIA-MIA,2025-12-06 20:00:00,Sacramento Kings,127,Miami Heat,111,Sacramento Kings,0.22999999999999998,0.77
KXNBAGAME-25DEC06LACMIN-MIN,2025-12-06 20:00:00,Los Angeles Clippers,106,Minnesota Timberwolves,109,Minnesota Timberwolves,0.22999999999999998,0.77
KXNBAGAME-25DEC06HOUDAL-DAL,2025-12-06 20:30:00,Houston Rockets,109,Dallas Mavericks,122,Dallas Mavericks,0.69,0.31
KXNBAGAME-25DEC07ORLNYK-NYK,2025-12-07 12:00:00,Orlando Magic,100,New York Knicks,106,New York Knicks,0.48,0.52
KXNBAGAME-25DEC07BOSTOR-TOR,2025-12-07 15:30:00,Boston Celtics,121,Toronto Raptors,113,Boston Celtics,0.5800000000000001,0.42
KXNBAGAME-25DEC07DENCHA-CHA,2025-12-07 18:00:00,Denver Nuggets,115,Charlotte Hornets,106,Denver Nuggets,0.8,0.2
KXNBAGAME-25DEC07PORMEM-MEM,2025-12-07 18:00:00,Portland Trail Blazers,96,Memphis Grizzlies,119,Memphis Grizzlies,0.43999999999999995,0.56
KXNBAGAME-25DEC07GSWCHI-CHI,2025-12-07 19:00:00,Golden State Warriors,123,Chicago Bulls,91,Golden State Warriors,0.51,0.49
KXNBAGAME-25DEC07LALPHI-PHI,2025-12-07 19:30:00,Los Angeles Lakers,112,Philadelphia 76ers,108,Los Angeles Lakers,0.56,0.44
KXNBAGAME-25DEC07OKCUTA-UTA,2025-12-07 20:00:00,Oklahoma City Thunder,131,Utah Jazz,101,Oklahoma City Thunder,0.8200000000000001,0.18
KXNBAGAME-25DEC08SACIND-IND,2025-12-08 19:00:00,Sacramento Kings,105,Indiana Pacers,116,Indiana Pacers,0.39,0.61
KXNBAGAME-25DEC08PHXMIN-MIN,2025-12-08 19:30:00,Phoenix Suns,108,Minnesota Timberwolves,105,Phoenix Suns,0.22999999999999998,0.77
KXNBAGAME-25DEC08SASNOP-NOP,2025-12-08 20:00:00,San Antonio Spurs,135,New Orleans Pelicans,132,San Antonio Spurs,0.78,0.22
KXNBAGAME-25DEC09MIAORL-ORL,2025-12-09 18:00:00,Miami Heat,108,Orlando Magic,117,Orlando Magic,0.47,0.53
KXNBAGAME-25DEC09NYKTOR-TOR,2025-12-09 20:30:00,New York Knicks,117,Toronto Raptors,101,New York Knicks,0.6799999999999999,0.32
KXNBAGAME-25DEC10PHXOKC-OKC,2025-12-10 19:30:00,Phoenix Suns,89,Oklahoma City Thunder,138,Oklahoma City Thunder,0.09999999999999998,0.9
KXNBAGAME-25DEC10SASLAL-LAL,2025-12-10 22:00:00,San Antonio Spurs,132,Los Angeles Lakers,119,San Antonio Spurs,0.28,0.72
KXNBAGAME-25DEC11LACHOU-HOU,2025-12-11 20:00:00,Los Angeles Clippers,113,Houston Rockets,115,Houston Rockets,0.21999999999999997,0.78
KXNBAGAME-25DEC11BOSMIL-MIL,2025-12-11 20:00:00,Boston Celtics,101,Milwaukee Bucks,116,Milwaukee Bucks,0.78,0.22
KXNBAGAME-25DEC11PORNOP-NOP,2025-12-11 20:00:00,Portland Trail Blazers,120,New Orleans Pelicans,143,New Orleans Pelicans,0.61,0.39
KXNBAGAME-25DEC11DENSAC-SAC,2025-12-11 22:00:00,Denver Nuggets,136,Sacramento Kings,105,Denver Nuggets,0.81,0.19
KXNBAGAME-25DEC12CHICHA-CHA,2025-12-12 19:00:00,Chicago Bulls,129,Charlotte Hornets,126,Chicago Bulls,0.56,0.44
KXNBAGAME-25DEC12ATLDET-DET,2025-12-12 19:00:00,Atlanta Hawks,115,Detroit Pistons,142,Detroit Pistons,0.28,0.72
KXNBAGAME-25DEC12INDPHI-PHI,2025-12-12 19:00:00,Indiana Pacers,105,Philadelphia 76ers,115,Philadelphia 76ers,0.32999999999999996,0.67
KXNBAGAME-25DEC12CLEWAS-WAS,2025-12-12 19:00:00,Cleveland Cavaliers,130,Washington Wizards,126,Cleveland Cavaliers,0.91,0.09
KXNBAGAME-25DEC12UTAMEM-MEM,2025-12-12 20:00:00,Utah Jazz,130,Memphis Grizzlies,126,Utah Jazz,0.30000000000000004,0.7
KXNBAGAME-25DEC12BKNDAL-DAL,2025-12-12 20:30:00,Brooklyn Nets,111,Dallas Mavericks,119,Dallas Mavericks,0.27,0.73
KXNBAGAME-25DEC12MINGSW-GSW,2025-12-12 22:00:00,Minnesota Timberwolves,127,Golden State Warriors,120,Minnesota Timberwolves,0.35,0.65
KXNBAGAME-25DEC13NYKORL-ORL,2025-12-13 17:30:00,New York Knicks,132,Orlando Magic,120,New York Knicks,0.61,0.39
KXNBAGAME-25DEC13SASOKC-OKC,2025-12-13 21:00:00,San Antonio Spurs,111,Oklahoma City Thunder,109,San Antonio Spurs,0.18999999999999995,0.81
KXNBAGAME-25DEC14WASIND-IND,2025-12-14 15:00:00,Washington Wizards,108,Indiana Pacers,89,Washington Wizards,0.19999999999999996,0.8
KXNBAGAME-25DEC14CHACLE-CLE,2025-12-14 15:30:00,Charlotte Hornets,119,Cleveland Cavaliers,111,Charlotte Hornets,0.16000000000000003,0.84
KXNBAGAME-25DEC14PHIATL-ATL,2025-12-14 18:00:00,Philadelphia 76ers,117,Atlanta Hawks,120,Atlanta Hawks,0.38,0.62
KXNBAGAME-25DEC14MILBKN-BKN,2025-12-14 18:00:00,Milwaukee Bucks,82,Brooklyn Nets,127,Brooklyn Nets,0.51,0.49
KXNBAGAME-25DEC14NOPCHI-CHI,2025-12-14 19:00:00,New Orleans Pelicans,114,Chicago Bulls,104,New Orleans Pelicans,0.36,0.64
KXNBAGAME-25DEC14SACMIN-MIN,2025-12-14 19:00:00,Sacramento Kings,103,Minnesota Timberwolves,117,Minnesota Timberwolves,0.18999999999999995,0.81
KXNBAGAME-25DEC14LALPHX-PHX,2025-12-14 20:00:00,Los Angeles Lakers,116,Phoenix Suns,114,Los Angeles Lakers,0.47,0.53
KXNBAGAME-25DEC14GSWPOR-POR,2025-12-14 21:00:00,Golden State Warriors,131,Portland Trail Blazers,136,Portland Trail Blazers,0.65,0.35
KXNBAGAME-25DEC15DETBOS-BOS,2025-12-15 19:00:00,Detroit Pistons,112,Boston Celtics,105,Detroit Pistons,0.47,0.53
KXNBAGAME-25DEC15TORMIA-MIA,2025-12-15 19:30:00,Toronto Raptors,106,Miami Heat,96,Toronto Raptors,0.37,0.63
KXNBAGAME-25DEC15DALUTA-UTA,2025-12-15 21:00:00,Dallas Mavericks,133,Utah Jazz,140,Utah Jazz,0.51,0.49
KXNBAGAME-25DEC15HOUDEN-DEN,2025-12-15 21:30:00,Houston Rockets,125,Denver Nuggets,128,Denver Nuggets,0.51,0.49
KXNBAGAME-25DEC15MEMLAC-LAC,2025-12-15 22:30:00,Memphis Grizzlies,121,Los Angeles Clippers,103,Memphis Grizzlies,0.35,0.65
KXNBAGAME-25DEC17CLECHI-CHI,2025-12-17 20:00:00,Cleveland Cavaliers,111,Chicago Bulls,127,Chicago Bulls,0.65,0.35
KXNBAGAME-25DEC17MEMMIN-MIN,2025-12-17 20:00:00,Memphis Grizzlies,116,Minnesota Timberwolves,110,Memphis Grizzlies,0.28,0.72
KXNBAGAME-25DEC18ATLCHA-CHA,2025-12-18 19:00:00,Atlanta Hawks,126,Charlotte Hornets,133,Charlotte Hornets,0.62,0.38
KXNBAGAME-25DEC18NYKIND-IND,2025-12-18 19:00:00,New York Knicks,114,Indiana Pacers,113,New York Knicks,0.5900000000000001,0.41
KXNBAGAME-25DEC18MIABKN-BKN,2025-12-18 19:30:00,Miami Heat,106,Brooklyn Nets,95,Miami Heat,0.71,0.29
KXNBAGAME-25DEC18TORMIL-MIL,2025-12-18 20:00:00,Toronto Raptors,111,Milwaukee Bucks,105,Toronto Raptors,0.62,0.38
KXNBAGAME-25DEC18HOUNOP-NOP,2025-12-18 20:00:00,Houston Rockets,128,New Orleans Pelicans,133,New Orleans Pelicans,0.77,0.23
KXNBAGAME-25DEC18LACOKC-OKC,2025-12-18 20:00:00,Los Angeles Clippers,101,Oklahoma City Thunder,122,Oklahoma City Thunder,0.08999999999999997,0.91
KXNBAGAME-25DEC18WASSAS-SAS,2025-12-18 20:00:00,Washington Wizards,94,San Antonio Spurs,119,San Antonio Spurs,0.10999999999999999,0.89
KXNBAGAME-25DEC18DETDAL-DAL,2025-12-18 20:30:00,Detroit Pistons,114,Dallas Mavericks,116,Dallas Mavericks,0.6599999999999999,0.34
KXNBAGAME-25DEC18ORLDEN-DEN,2025-12-18 21:00:00,Orlando Magic,115,Denver Nuggets,126,Denver Nuggets,0.29000000000000004,0.71
KXNBAGAME-25DEC18GSWPHX-PHX,2025-12-18 21:00:00,Golden State Warriors,98,Phoenix Suns,99,Phoenix Suns,0.55,0.45
KXNBAGAME-25DEC18LALUTA-UTA,2025-12-18 21:00:00,Los Angeles Lakers,143,Utah Jazz,135,Los Angeles Lakers,0.78,0.22
KXNBAGAME-25DEC18SACPOR-POR,2025-12-18 22:00:00,Sacramento Kings,133,Portland Trail Blazers,134,Portland Trail Blazers,0.24,0.76
KXNBAGAME-25DEC19MIABOS-BOS,2025-12-19 19:00:00,Miami Heat,116,Boston Celtics,129,Boston Celtics,0.27,0.73
KXNBAGAME-25DEC19PHINYK-NYK,2025-12-19 19:00:00,Philadelphia 76ers,116,New York Knicks,107,Philadelphia 76ers,0.31000000000000005,0.69
KXNBAGAME-25DEC19SASATL-ATL,2025-12-19 19:30:00,San Antonio Spurs,126,Atlanta Hawks,98,San Antonio Spurs,0.6,0.4
KXNBAGAME-25DEC19CHICLE-CLE,2025-12-19 19:30:00,Chicago Bulls,136,Cleveland Cavaliers,125,Chicago Bulls,0.38,0.62
KXNBAGAME-25DEC19OKCMIN-MIN,2025-12-19 21:30:00,Oklahoma City Thunder,107,Minnesota Timberwolves,112,Minnesota Timberwolves,0.69,0.31
KXNBAGAME-25DEC20HOUDEN-DEN,2025-12-20 17:00:00,Houston Rockets,115,Denver Nuggets,101,Houston Rockets,0.52,0.48
KXNBAGAME-25DEC20INDNOP-NOP,2025-12-20 19:00:00,Indiana Pacers,109,New Orleans Pelicans,128,New Orleans Pelicans,0.43000000000000005,0.57
KXNBAGAME-25DEC20DALPHI-PHI,2025-12-20 19:00:00,Dallas Mavericks,114,Philadelphia 76ers,121,Philadelphia 76ers,0.45999999999999996,0.54
KXNBAGAME-25DEC20BOSTOR-TOR,2025-12-20 19:00:00,Boston Celtics,112,Toronto Raptors,96,Boston Celtics,0.45999999999999996,0.54
KXNBAGAME-25DEC20CHADET-DET,2025-12-20 19:30:00,Charlotte Hornets,86,Detroit Pistons,112,Detroit Pistons,0.18999999999999995,0.81
KXNBAGAME-25DEC20WASMEM-MEM,2025-12-20 20:00:00,Washington Wizards,130,Memphis Grizzlies,122,Washington Wizards,0.17000000000000004,0.83
KXNBAGAME-25DEC20PHXGSW-GSW,2025-12-20 20:30:00,Phoenix Suns,116,Golden State Warriors,119,Golden State Warriors,0.32999999999999996,0.67
KXNBAGAME-25DEC20ORLUTA-UTA,2025-12-20 21:30:00,Orlando Magic,128,Utah Jazz,127,Orlando Magic,0.71,0.29
KXNBAGAME-25DEC20PORSAC-SAC,2025-12-20 22:00:00,Portland Trail Blazers,98,Sacramento Kings,93,Portland Trail Blazers,0.6,0.4
KXNBAGAME-25DEC20LALLAC-LAC,2025-12-20 22:30:00,Los Angeles Lakers,88,Los Angeles Clippers,103,Los Angeles Clippers,0.53,0.47
KXNBAGAME-25DEC21CHIATL-ATL,2025-12-21 15:30:00,Chicago Bulls,152,Atlanta Hawks,150,Chicago Bulls,0.39,0.61
KXNBAGAME-25DEC21TORBKN-BKN,2025-12-21 18:00:00,Toronto Raptors,81,Brooklyn Nets,96,Brooklyn Nets,0.5900000000000001,0.41
KXNBAGAME-25DEC21MIANYK-NYK,2025-12-21 18:00:00,Miami Heat,125,New York Knicks,132,New York Knicks,0.28,0.72
KXNBAGAME-25DEC21MILMIN-MIN,2025-12-21 19:00:00,Milwaukee Bucks,100,Minnesota Timberwolves,103,Minnesota Timberwolves,0.16000000000000003,0.84
KXNBAGAME-25DEC21SASWAS-WAS,2025-12-21 19:00:00,San Antonio Spurs,124,Washington Wizards,113,San Antonio Spurs,0.9,0.1
KXNBAGAME-25DEC21HOUSAC-SAC,2025-12-21 22:00:00,Houston Rockets,124,Sacramento Kings,125,Sacramento Kings,0.83,0.17
KXNBAGAME-25DEC22CHACLE-CLE,2025-12-22 19:00:00,Charlotte Hornets,132,Cleveland Cavaliers,139,Cleveland Cavaliers,0.24,0.76
KXNBAGAME-25DEC22INDBOS-BOS,2025-12-22 19:30:00,Indiana Pacers,95,Boston Celtics,103,Boston Celtics,0.17000000000000004,0.83
KXNBAGAME-25DEC22DALNOP-NOP,2025-12-22 20:00:00,Dallas Mavericks,113,New Orleans Pelicans,119,New Orleans Pelicans,0.51,0.49
KXNBAGAME-25DEC22UTADEN-DEN,2025-12-22 21:00:00,Utah Jazz,112,Denver Nuggets,135,Denver Nuggets,0.15000000000000002,0.85
KXNBAGAME-25DEC22MEMOKC-OKC,2025-12-22 21:30:00,Memphis Grizzlies,103,Oklahoma City Thunder,119,Oklahoma City Thunder,0.10999999999999999,0.89
KXNBAGAME-25DEC22ORLGSW-GSW,2025-12-22 22:00:00,Orlando Magic,97,Golden State Warriors,120,Golden State Warriors,0.31999999999999995,0.68
KXNBAGAME-25DEC22DETPOR-POR,2025-12-22 22:00:00,Detroit Pistons,110,Portland Trail Blazers,102,Detroit Pistons,0.6799999999999999,0.32
KXNBAGAME-25DEC23WASCHA-CHA,2025-12-23 19:00:00,Washington Wizards,109,Charlotte Hornets,126,Charlotte Hornets,0.30000000000000004,0.7
KXNBAGAME-25DEC23BKNPHI-PHI,2025-12-23 19:00:00,Brooklyn Nets,114,Philadelphia 76ers,106,Brooklyn Nets,0.21999999999999997,0.78
KXNBAGAME-25DEC23CHIATL-ATL,2025-12-23 19:30:00,Chicago Bulls,126,Atlanta Hawks,123,Chicago Bulls,0.41000000000000003,0.59
KXNBAGAME-25DEC23NOPCLE-CLE,2025-12-23 19:30:00,New Orleans Pelicans,118,Cleveland Cavaliers,141,Cleveland Cavaliers,0.21999999999999997,0.78
KXNBAGAME-25DEC23MILIND-IND,2025-12-23 19:30:00,Milwaukee Bucks,111,Indiana Pacers,94,Milwaukee Bucks,0.51,0.49
KXNBAGAME-25DEC23TORMIA-MIA,2025-12-23 19:30:00,Toronto Raptors,112,Miami Heat,91,Toronto Raptors,0.32999999999999996,0.67
KXNBAGAME-25DEC23DENDAL-DAL,2025-12-23 20:00:00,Denver Nuggets,130,Dallas Mavericks,131,Dallas Mavericks,0.6799999999999999,0.32
KXNBAGAME-25DEC23NYKMIN-MIN,2025-12-23 20:00:00,New York Knicks,104,Minnesota Timberwolves,115,Minnesota Timberwolves,0.30000000000000004,0.7
KXNBAGAME-25DEC23OKCSAS-SAS,2025-12-23 20:30:00,Oklahoma City Thunder,110,San Antonio Spurs,130,San Antonio Spurs,0.6799999999999999,0.32
KXNBAGAME-25DEC23LALPHX-PHX,2025-12-23 21:00:00,Los Angeles Lakers,108,Phoenix Suns,132,Phoenix Suns,0.42000000000000004,0.58
KXNBAGAME-25DEC23MEMUTA-UTA,2025-12-23 21:00:00,Memphis Grizzlies,137,Utah Jazz,128,Memphis Grizzlies,0.6,0.4
KXNBAGAME-25DEC23ORLPOR-POR,2025-12-23 22:00:00,Orlando Magic,110,Portland Trail Blazers,106,Orlando Magic,0.51,0.49
KXNBAGAME-25DEC23DETSAC-SAC,2025-12-23 22:00:00,Detroit Pistons,136,Sacramento Kings,127,Detroit Pistons,0.79,0.21
KXNBAGAME-25DEC23HOULAC-LAC,2025-12-23 22:30:00,Houston Rockets,108,Los Angeles Clippers,128,Los Angeles Clippers,0.7,0.3
KXNBAGAME-25DEC25CLENYK-NYK,2025-12-25 12:00:00,Cleveland Cavaliers,124,New York Knicks,126,New York Knicks,0.38,0.62
KXNBAGAME-25DEC25SASOKC-OKC,2025-12-25 14:30:00,San Antonio Spurs,117,Oklahoma City Thunder,102,San Antonio Spurs,0.24,0.76
KXNBAGAME-25DEC25DALGSW-GSW,2025-12-25 17:00:00,Dallas Mavericks,116,Golden State Warriors,126,Golden State Warriors,0.25,0.75
KXNBAGAME-25DEC25HOULAL-LAL,2025-12-25 20:00:00,Houston Rockets,119,Los Angeles Lakers,96,Houston Rockets,0.51,0.49
KXNBAGAME-25DEC25MINDEN-DEN,2025-12-25 22:30:00,Minnesota Timberwolves,138,Denver Nuggets,142,Denver Nuggets,0.5,0.5
KXNBAGAME-25DEC26MIAATL-ATL,2025-12-26 19:00:00,Miami Heat,126,Atlanta Hawks,111,Miami Heat,0.42000000000000004,0.58
KXNBAGAME-25DEC26BOSIND-IND,2025-12-26 19:00:00,Boston Celtics,140,Indiana Pacers,122,Boston Celtics,0.74,0.26
KXNBAGAME-25DEC26CHAORL-ORL,2025-12-26 19:00:00,Charlotte Hornets,120,Orlando Magic,105,Charlotte Hornets,0.31999999999999995,0.68
KXNBAGAME-25DEC26TORWAS-WAS,2025-12-26 19:00:00,Toronto Raptors,117,Washington Wizards,138,Washington Wizards,0.73,0.27
KXNBAGAME-25DEC26PHICHI-CHI,2025-12-26 19:30:00,Philadelphia 76ers,102,Chicago Bulls,109,Chicago Bulls,0.54,0.46
KXNBAGAME-25DEC26MILMEM-MEM,2025-12-26 20:00:00,Milwaukee Bucks,104,Memphis Grizzlies,125,Memphis Grizzlies,0.36,0.64
KXNBAGAME-25DEC26PHXNOP-NOP,2025-12-26 20:00:00,Phoenix Suns,115,New Orleans Pelicans,108,Phoenix Suns,0.63,0.37
KXNBAGAME-25DEC26DETUTA-UTA,2025-12-26 21:30:00,Detroit Pistons,129,Utah Jazz,131,Utah Jazz,0.77,0.23
KXNBAGAME-25DEC26LACPOR-POR,2025-12-26 22:00:00,Los Angeles Clippers,119,Portland Trail Blazers,103,Los Angeles Clippers,0.54,0.46
KXNBAGAME-25DEC27DALSAC-SAC,2025-12-27 17:00:00,Dallas Mavericks,107,Sacramento Kings,113,Sacramento Kings,0.56,0.44
KXNBAGAME-25DEC27PHXNOP-NOP,2025-12-27 19:00:00,Phoenix Suns,123,New Orleans Pelicans,114,Phoenix Suns,0.63,0.37
KXNBAGAME-25DEC27DENORL-ORL,2025-12-27 19:00:00,Denver Nuggets,126,Orlando Magic,127,Orlando Magic,0.6,0.4
KXNBAGAME-25DEC27NYKATL-ATL,2025-12-27 20:00:00,New York Knicks,128,Atlanta Hawks,125,New York Knicks,0.6599999999999999,0.34
KXNBAGAME-25DEC27MILCHI-CHI,2025-12-27 20:00:00,Milwaukee Bucks,112,Chicago Bulls,103,Milwaukee Bucks,0.43999999999999995,0.56
KXNBAGAME-25DEC27CLEHOU-HOU,2025-12-27 20:00:00,Cleveland Cavaliers,100,Houston Rockets,117,Houston Rockets,0.43999999999999995,0.56
KXNBAGAME-25DEC27INDMIA-MIA,2025-12-27 20:00:00,Indiana Pacers,116,Miami Heat,142,Miami Heat,0.29000000000000004,0.71
KXNBAGAME-25DEC27BKNMIN-MIN,2025-12-27 20:00:00,Brooklyn Nets,123,Minnesota Timberwolves,107,Brooklyn Nets,0.16000000000000003,0.84
KXNBAGAME-25DEC27UTASAS-SAS,2025-12-27 20:00:00,Utah Jazz,127,San Antonio Spurs,114,Utah Jazz,0.14,0.86
KXNBAGAME-25DEC28PHIOKC-OKC,2025-12-28 15:30:00,Philadelphia 76ers,104,Oklahoma City Thunder,129,Oklahoma City Thunder,0.13,0.87
KXNBAGAME-25DEC28GSWTOR-TOR,2025-12-28 15:30:00,Golden State Warriors,127,Toronto Raptors,141,Toronto Raptors,0.62,0.38
KXNBAGAME-25DEC28BOSPOR-POR,2025-12-28 18:00:00,Boston Celtics,108,Portland Trail Blazers,114,Portland Trail Blazers,0.69,0.31
KXNBAGAME-25DEC28MEMWAS-WAS,2025-12-28 18:00:00,Memphis Grizzlies,112,Washington Wizards,116,Washington Wizards,0.71,0.29
KXNBAGAME-25DEC28DETLAC-LAC,2025-12-28 21:00:00,Detroit Pistons,99,Los Angeles Clippers,112,Los Angeles Clippers,0.61,0.39
KXNBAGAME-25DEC28SACLAL-LAL,2025-12-28 21:30:00,Sacramento Kings,101,Los Angeles Lakers,125,Los Angeles Lakers,0.18999999999999995,0.81
KXNBAGAME-25DEC29MILCHA-CHA,2025-12-29 19:00:00,Milwaukee Bucks,123,Charlotte Hornets,113,Milwaukee Bucks,0.5700000000000001,0.43
KXNBAGAME-25DEC29PHXWAS-WAS,2025-12-29 19:00:00,Phoenix Suns,115,Washington Wizards,101,Phoenix Suns,0.78,0.22
KXNBAGAME-25DEC29GSWBKN-BKN,2025-12-29 19:30:00,Golden State Warriors,120,Brooklyn Nets,107,Golden State Warriors,0.65,0.35
KXNBAGAME-25DEC29DENMIA-MIA,2025-12-29 19:30:00,Denver Nuggets,123,Miami Heat,147,Miami Heat,0.52,0.48
KXNBAGAME-25DEC29ORLTOR-TOR,2025-12-29 19:30:00,Orlando Magic,106,Toronto Raptors,107,Toronto Raptors,0.51,0.49
KXNBAGAME-25DEC29MINCHI-CHI,2025-12-29 20:00:00,Minnesota Timberwolves,136,Chicago Bulls,101,Minnesota Timberwolves,0.65,0.35
KXNBAGAME-25DEC29INDHOU-HOU,2025-12-29 20:00:00,Indiana Pacers,119,Houston Rockets,126,Houston Rockets,0.15000000000000002,0.85
KXNBAGAME-25DEC29NYKNOP-NOP,2025-12-29 20:00:00,New York Knicks,130,New Orleans Pelicans,125,New York Knicks,0.74,0.26
KXNBAGAME-25DEC29ATLOKC-OKC,2025-12-29 20:00:00,Atlanta Hawks,129,Oklahoma City Thunder,140,Oklahoma City Thunder,0.08999999999999997,0.91
KXNBAGAME-25DEC29CLESAS-SAS,2025-12-29 20:00:00,Cleveland Cavaliers,113,San Antonio Spurs,101,Cleveland Cavaliers,0.4,0.6
KXNBAGAME-25DEC29DALPOR-POR,2025-12-29 22:30:00,Dallas Mavericks,122,Portland Trail Blazers,125,Portland Trail Blazers,0.43000000000000005,0.57
KXNBAGAME-25DEC30PHIMEM-MEM,2025-12-30 20:00:00,Philadelphia 76ers,139,Memphis Grizzlies,136,Philadelphia 76ers,0.52,0.48
KXNBAGAME-25DEC30BOSUTA-UTA,2025-12-30 21:00:00,Boston Celtics,129,Utah Jazz,119,Boston Celtics,0.71,0.29
KXNBAGAME-25DEC30DETLAL-LAL,2025-12-30 22:30:00,Detroit Pistons,128,Los Angeles Lakers,106,Detroit Pistons,0.56,0.44
KXNBAGAME-25DEC30SACLAC-LAC,2025-12-30 23:00:00,Sacramento Kings,90,Los Angeles Clippers,131,Los Angeles Clippers,0.21999999999999997,0.78
KXNBAGAME-25DEC31GSWCHA-CHA,2025-12-31 13:00:00,Golden State Warriors,132,Charlotte Hornets,125,Golden State Warriors,0.72,0.28
KXNBAGAME-25DEC31MINATL-ATL,2025-12-31 15:00:00,Minnesota Timberwolves,102,Atlanta Hawks,126,Atlanta Hawks,0.65,0.35
KXNBAGAME-25DEC31ORLIND-IND,2025-12-31 15:00:00,Orlando Magic,112,Indiana Pacers,110,Orlando Magic,0.62,0.38
KXNBAGAME-25DEC31PHXCLE-CLE,2025-12-31 15:30:00,Phoenix Suns,113,Cleveland Cavaliers,129,Cleveland Cavaliers,0.30000000000000004,0.7
KXNBAGAME-25DEC31NOPCHI-CHI,2025-12-31 19:00:00,New Orleans Pelicans,118,Chicago Bulls,134,Chicago Bulls,0.45999999999999996,0.54
KXNBAGAME-25DEC31NYKSAS-SAS,2025-12-31 19:00:00,New York Knicks,132,San Antonio Spurs,134,San Antonio Spurs,0.39,0.61
KXNBAGAME-25DEC31DENTOR-TOR,2025-12-31 19:30:00,Denver Nuggets,106,Toronto Raptors,103,Denver Nuggets,0.29000000000000004,0.71
KXNBAGAME-25DEC31WASMIL-MIL,2025-12-31 20:00:00,Washington Wizards,114,Milwaukee Bucks,113,Washington Wizards,0.18000000000000005,0.82
KXNBAGAME-25DEC31POROKC-OKC,2025-12-31 20:00:00,Portland Trail Blazers,95,Oklahoma City Thunder,124,Oklahoma City Thunder,0.10999999999999999,0.89
KXNBAGAME-26JAN01HOUBKN-BKN,2026-01-01 18:00:00,Houston Rockets,120,Brooklyn Nets,96,Houston Rockets,0.8200000000000001,0.18
KXNBAGAME-26JAN01MIADET-DET,2026-01-01 19:00:00,Miami Heat,118,Detroit Pistons,112,Miami Heat,0.36,0.64
KXNBAGAME-26JAN01PHIDAL-DAL,2026-01-01 20:30:00,Philadelphia 76ers,123,Dallas Mavericks,108,Philadelphia 76ers,0.55,0.45
KXNBAGAME-26JAN01BOSSAC-SAC,2026-01-01 22:00:00,Boston Celtics,120,Sacramento Kings,106,Boston Celtics,0.79,0.21
KXNBAGAME-26JAN01UTALAC-LAC,2026-01-01 22:30:00,Utah Jazz,101,Los Angeles Clippers,118,Los Angeles Clippers,0.14,0.86
KXNBAGAME-26JAN02SASIND-IND,2026-01-02 19:00:00,San Antonio Spurs,123,Indiana Pacers,113,San Antonio Spurs,0.6599999999999999,0.34
KXNBAGAME-26JAN02BKNWAS-WAS,2026-01-02 19:00:00,Brooklyn Nets,99,Washington Wizards,119,Washington Wizards,0.42000000000000004,0.58
KXNBAGAME-26JAN02DENCLE-CLE,2026-01-02 19:30:00,Denver Nuggets,108,Cleveland Cavaliers,113,Cleveland Cavaliers,0.14,0.86
KXNBAGAME-26JAN02ATLNYK-NYK,2026-01-02 19:30:00,Atlanta Hawks,111,New York Knicks,99,Atlanta Hawks,0.37,0.63
KXNBAGAME-26JAN02ORLCHI-CHI,2026-01-02 20:00:00,Orlando Magic,114,Chicago Bulls,121,Chicago Bulls,0.64,0.36
KXNBAGAME-26JAN02CHAMIL-MIL,2026-01-02 20:00:00,Charlotte Hornets,121,Milwaukee Bucks,122,Milwaukee Bucks,0.31999999999999995,0.68
KXNBAGAME-26JAN02PORNOP-NOP,2026-01-02 20:00:00,Portland Trail Blazers,122,New Orleans Pelicans,109,Portland Trail Blazers,0.5900000000000001,0.41
KXNBAGAME-26JAN02SACPHX-PHX,2026-01-02 21:00:00,Sacramento Kings,102,Phoenix Suns,129,Phoenix Suns,0.14,0.86
KXNBAGAME-26JAN02OKCGSW-GSW,2026-01-02 22:00:00,Oklahoma City Thunder,131,Golden State Warriors,94,Oklahoma City Thunder,0.85,0.15
KXNBAGAME-26JAN02MEMLAL-LAL,2026-01-02 22:30:00,Memphis Grizzlies,121,Los Angeles Lakers,128,Los Angeles Lakers,0.33999999999999997,0.66
KXNBAGAME-26JAN03MINMIA-MIA,2026-01-03 17:00:00,Minnesota Timberwolves,125,Miami Heat,115,Minnesota Timberwolves,0.55,0.45
KXNBAGAME-26JAN03PHINYK-NYK,2026-01-03 19:30:00,Philadelphia 76ers,130,New York Knicks,119,Philadelphia 76ers,0.38,0.62
KXNBAGAME-26JAN03ATLTOR-TOR,2026-01-03 19:30:00,Atlanta Hawks,117,Toronto Raptors,134,Toronto Raptors,0.35,0.65
KXNBAGAME-26JAN03CHACHI-CHI,2026-01-03 20:00:00,Charlotte Hornets,112,Chicago Bulls,99,Charlotte Hornets,0.45999999999999996,0.54
KXNBAGAME-26JAN03PORSAS-SAS,2026-01-03 20:00:00,Portland Trail Blazers,115,San Antonio Spurs,110,Portland Trail Blazers,0.25,0.75
KXNBAGAME-26JAN03HOUDAL-DAL,2026-01-03 20:30:00,Houston Rockets,104,Dallas Mavericks,110,Dallas Mavericks,0.74,0.26
KXNBAGAME-26JAN03UTAGSW-GSW,2026-01-03 22:00:00,Utah Jazz,114,Golden State Warriors,123,Golden State Warriors,0.17000000000000004,0.83
KXNBAGAME-26JAN03BOSLAC-LAC,2026-01-03 22:30:00,Boston Celtics,146,Los Angeles Clippers,115,Boston Celtics,0.44999999999999996,0.55
KXNBAGAME-26JAN04DETCLE-CLE,2026-01-04 14:00:00,Detroit Pistons,114,Cleveland Cavaliers,110,Detroit Pistons,0.41000000000000003,0.59
KXNBAGAME-26JAN04INDORL-ORL,2026-01-04 15:00:00,Indiana Pacers,127,Orlando Magic,135,Orlando Magic,0.29000000000000004,0.71
KXNBAGAME-26JAN04DENBKN-BKN,2026-01-04 15:30:00,Denver Nuggets,115,Brooklyn Nets,127,Brooklyn Nets,0.56,0.44
KXNBAGAME-26JAN04NOPMIA-MIA,2026-01-04 18:00:00,New Orleans Pelicans,106,Miami Heat,125,Miami Heat,0.26,0.74
KXNBAGAME-26JAN04MINWAS-WAS,2026-01-04 18:00:00,Minnesota Timberwolves,141,Washington Wizards,115,Minnesota Timberwolves,0.77,0.23
KXNBAGAME-26JAN04OKCPHX-PHX,2026-01-04 20:00:00,Oklahoma City Thunder,105,Phoenix Suns,108,Phoenix Suns,0.77,0.23
KXNBAGAME-26JAN04MILSAC-SAC,2026-01-04 21:00:00,Milwaukee Bucks,115,Sacramento Kings,98,Milwaukee Bucks,0.6799999999999999,0.32
KXNBAGAME-26JAN04MEMLAL-LAL,2026-01-04 21:30:00,Memphis Grizzlies,114,Los Angeles Lakers,120,Los Angeles Lakers,0.32999999999999996,0.67
KXNBAGAME-26JAN05NYKDET-DET,2026-01-05 19:00:00,New York Knicks,90,Detroit Pistons,121,Detroit Pistons,0.52,0.48
KXNBAGAME-26JAN05CHIBOS-BOS,2026-01-05 19:30:00,Chicago Bulls,101,Boston Celtics,115,Boston Celtics,0.18999999999999995,0.81
KXNBAGAME-26JAN05ATLTOR-TOR,2026-01-05 19:30:00,Atlanta Hawks,100,Toronto Raptors,118,Toronto Raptors,0.42000000000000004,0.58
KXNBAGAME-26JAN05PHXHOU-HOU,2026-01-05 20:00:00,Phoenix Suns,97,Houston Rockets,100,Houston Rockets,0.27,0.73
KXNBAGAME-26JAN05CHAOKC-OKC,2026-01-05 20:00:00,Charlotte Hornets,124,Oklahoma City Thunder,97,Charlotte Hornets,0.09999999999999998,0.9
KXNBAGAME-26JAN05DENPHI-PHI,2026-01-05 20:30:00,Denver Nuggets,125,Philadelphia 76ers,124,Denver Nuggets,0.12,0.88
KXNBAGAME-26JAN05GSWLAC-LAC,2026-01-05 22:00:00,Golden State Warriors,102,Los Angeles Clippers,103,Los Angeles Clippers,0.61,0.39
KXNBAGAME-26JAN05UTAPOR-POR,2026-01-05 22:00:00,Utah Jazz,117,Portland Trail Blazers,137,Portland Trail Blazers,0.33999999999999997,0.66
KXNBAGAME-26JAN06CLEIND-IND,2026-01-06 19:00:00,Cleveland Cavaliers,120,Indiana Pacers,116,Cleveland Cavaliers,0.6699999999999999,0.33
KXNBAGAME-26JAN06ORLWAS-WAS,2026-01-06 19:00:00,Orlando Magic,112,Washington Wizards,120,Washington Wizards,0.71,0.29
KXNBAGAME-26JAN06SASMEM-MEM,2026-01-06 20:00:00,San Antonio Spurs,105,Memphis Grizzlies,106,Memphis Grizzlies,0.6699999999999999,0.33
KXNBAGAME-26JAN06MIAMIN-MIN,2026-01-06 20:00:00,Miami Heat,94,Minnesota Timberwolves,122,Minnesota Timberwolves,0.35,0.65
KXNBAGAME-26JAN06LALNOP-NOP,2026-01-06 20:00:00,Los Angeles Lakers,111,New Orleans Pelicans,103,Los Angeles Lakers,0.6699999999999999,0.33
KXNBAGAME-26JAN06DALSAC-SAC,2026-01-06 23:00:00,Dallas Mavericks,100,Sacramento Kings,98,Dallas Mavericks,0.62,0.38
KXNBAGAME-26JAN07DENBOS-BOS,2026-01-07 19:00:00,Denver Nuggets,114,Boston Celtics,110,Denver Nuggets,0.22999999999999998,0.77
KXNBAGAME-26JAN07TORCHA-CHA,2026-01-07 19:00:00,Toronto Raptors,97,Charlotte Hornets,96,Toronto Raptors,0.56,0.44
KXNBAGAME-26JAN07CHIDET-DET,2026-01-07 19:00:00,Chicago Bulls,93,Detroit Pistons,108,Detroit Pistons,0.25,0.75
KXNBAGAME-26JAN07WASPHI-PHI,2026-01-07 19:00:00,Washington Wizards,110,Philadelphia 76ers,131,Philadelphia 76ers,0.13,0.87
KXNBAGAME-26JAN07NOPATL-ATL,2026-01-07 19:30:00,New Orleans Pelicans,100,Atlanta Hawks,117,Atlanta Hawks,0.19999999999999996,0.8
KXNBAGAME-26JAN07ORLBKN-BKN,2026-01-07 19:30:00,Orlando Magic,104,Brooklyn Nets,103,Orlando Magic,0.53,0.47
KXNBAGAME-26JAN07LACNYK-NYK,2026-01-07 19:30:00,Los Angeles Clippers,111,New York Knicks,123,New York Knicks,0.35,0.65
KXNBAGAME-26JAN07PHXMEM-MEM,2026-01-07 20:00:00,Phoenix Suns,117,Memphis Grizzlies,98,Phoenix Suns,0.65,0.35
KXNBAGAME-26JAN07UTAOKC-OKC,2026-01-07 20:00:00,Utah Jazz,125,Oklahoma City Thunder,129,Oklahoma City Thunder,0.09999999999999998,0.9
KXNBAGAME-26JAN07LALSAS-SAS,2026-01-07 21:30:00,Los Angeles Lakers,91,San Antonio Spurs,107,San Antonio Spurs,0.27,0.73
KXNBAGAME-26JAN07MILGSW-GSW,2026-01-07 22:00:00,Milwaukee Bucks,113,Golden State Warriors,120,Golden State Warriors,0.30000000000000004,0.7
KXNBAGAME-26JAN07HOUPOR-POR,2026-01-07 22:00:00,Houston Rockets,102,Portland Trail Blazers,103,Portland Trail Blazers,0.7,0.3
KXNBAGAME-26JAN08INDCHA-CHA,2026-01-08 19:00:00,Indiana Pacers,114,Charlotte Hornets,112,Indiana Pacers,0.36,0.64
KXNBAGAME-26JAN08CLEMIN-MIN,2026-01-08 20:00:00,Cleveland Cavaliers,122,Minnesota Timberwolves,131,Minnesota Timberwolves,0.42000000000000004,0.58
KXNBAGAME-26JAN08DALUTA-UTA,2026-01-08 21:00:00,Dallas Mavericks,114,Utah Jazz,116,Utah Jazz,0.63,0.37
KXNBAGAME-26JAN09TORBOS-BOS,2026-01-09 19:00:00,Toronto Raptors,117,Boston Celtics,125,Boston Celtics,0.22999999999999998,0.77
KXNBAGAME-26JAN09PHIORL-ORL,2026-01-09 19:00:00,Philadelphia 76ers,103,Orlando Magic,91,Philadelphia 76ers,0.5800000000000001,0.42
KXNBAGAME-26JAN09NOPWAS-WAS,2026-01-09 19:00:00,New Orleans Pelicans,128,Washington Wizards,107,New Orleans Pelicans,0.56,0.44
KXNBAGAME-26JAN09LACBKN-BKN,2026-01-09 19:30:00,Los Angeles Clippers,121,Brooklyn Nets,105,Los Angeles Clippers,0.6699999999999999,0.33
KXNBAGAME-26JAN09OKCMEM-MEM,2026-01-09 20:00:00,Oklahoma City Thunder,117,Memphis Grizzlies,116,Oklahoma City Thunder,0.65,0.35
KXNBAGAME-26JAN09ATLDEN-DEN,2026-01-09 21:00:00,Atlanta Hawks,110,Denver Nuggets,87,Atlanta Hawks,0.56,0.44
KXNBAGAME-26JAN09NYKPHX-PHX,2026-01-09 21:00:00,New York Knicks,107,Phoenix Suns,112,Phoenix Suns,0.51,0.49
KXNBAGAME-26JAN09SACGSW-GSW,2026-01-09 22:00:00,Sacramento Kings,103,Golden State Warriors,137,Golden State Warriors,0.14,0.86
KXNBAGAME-26JAN09HOUPOR-POR,2026-01-09 22:00:00,Houston Rockets,105,Portland Trail Blazers,111,Portland Trail Blazers,0.69,0.31
KXNBAGAME-26JAN09MILLAL-LAL,2026-01-09 22:30:00,Milwaukee Bucks,105,Los Angeles Lakers,101,Milwaukee Bucks,0.4,0.6
KXNBAGAME-26JAN10MINCLE-CLE,2026-01-10 13:00:00,Minnesota Timberwolves,134,Cleveland Cavaliers,146,Cleveland Cavaliers,0.43000000000000005,0.57
KXNBAGAME-26JAN10MIAIND-IND,2026-01-10 19:00:00,Miami Heat,99,Indiana Pacers,123,Indiana Pacers,0.6799999999999999,0.32
KXNBAGAME-26JAN10LACDET-DET,2026-01-10 19:30:00,Los Angeles Clippers,98,Detroit Pistons,92,Los Angeles Clippers,0.48,0.52
KXNBAGAME-26JAN10SASBOS-BOS,2026-01-10 20:00:00,San Antonio Spurs,100,Boston Celtics,95,San Antonio Spurs,0.5,0.5
KXNBAGAME-26JAN10DALCHI-CHI,2026-01-10 20:00:00,Dallas Mavericks,107,Chicago Bulls,125,Chicago Bulls,0.38,0.62
KXNBAGAME-26JAN10CHAUTA-UTA,2026-01-10 21:30:00,Charlotte Hornets,150,Utah Jazz,95,Charlotte Hornets,0.65,0.35
KXNBAGAME-26JAN11NOPORL-ORL,2026-01-11 15:00:00,New Orleans Pelicans,118,Orlando Magic,128,Orlando Magic,0.29000000000000004,0.71
KXNBAGAME-26JAN11BKNMEM-MEM,2026-01-11 15:30:00,Brooklyn Nets,98,Memphis Grizzlies,103,Memphis Grizzlies,0.29000000000000004,0.71
KXNBAGAME-26JAN11NYKPOR-POR,2026-01-11 18:00:00,New York Knicks,123,Portland Trail Blazers,114,New York Knicks,0.6599999999999999,0.34
KXNBAGAME-26JAN11PHITOR-TOR,2026-01-11 18:00:00,Philadelphia 76ers,115,Toronto Raptors,116,Toronto Raptors,0.52,0.48
KXNBAGAME-26JAN11SASMIN-MIN,2026-01-11 19:00:00,San Antonio Spurs,103,Minnesota Timberwolves,104,Minnesota Timberwolves,0.43000000000000005,0.57
KXNBAGAME-26JAN11MIAOKC-OKC,2026-01-11 19:00:00,Miami Heat,112,Oklahoma City Thunder,124,Oklahoma City Thunder,0.14,0.86
KXNBAGAME-26JAN11MILDEN-DEN,2026-01-11 20:00:00,Milwaukee Bucks,104,Denver Nuggets,108,Denver Nuggets,0.6599999999999999,0.34
KXNBAGAME-26JAN11WASPHX-PHX,2026-01-11 20:00:00,Washington Wizards,93,Phoenix Suns,112,Phoenix Suns,0.12,0.88
KXNBAGAME-26JAN11ATLGSW-GSW,2026-01-11 20:30:00,Atlanta Hawks,124,Golden State Warriors,111,Atlanta Hawks,0.29000000000000004,0.71
KXNBAGAME-26JAN11HOUSAC-SAC,2026-01-11 21:00:00,Houston Rockets,98,Sacramento Kings,111,Sacramento Kings,0.85,0.15
KXNBAGAME-26JAN12UTACLE-CLE,2026-01-12 19:00:00,Utah Jazz,123,Cleveland Cavaliers,112,Utah Jazz,0.17000000000000004,0.83
KXNBAGAME-26JAN12BOSIND-IND,2026-01-12 19:30:00,Boston Celtics,96,Indiana Pacers,98,Indiana Pacers,0.65,0.35
KXNBAGAME-26JAN12PHITOR-TOR,2026-01-12 19:30:00,Philadelphia 76ers,115,Toronto Raptors,102,Philadelphia 76ers,0.5700000000000001,0.43
KXNBAGAME-26JAN12BKNDAL-DAL,2026-01-12 20:30:00,Brooklyn Nets,105,Dallas Mavericks,113,Dallas Mavericks,0.42000000000000004,0.58
KXNBAGAME-26JAN12LALSAC-SAC,2026-01-12 22:00:00,Los Angeles Lakers,112,Sacramento Kings,124,Sacramento Kings,0.75,0.25
KXNBAGAME-26JAN12CHALAC-LAC,2026-01-12 22:30:00,Charlotte Hornets,109,Los Angeles Clippers,117,Los Angeles Clippers,0.36,0.64
KXNBAGAME-26JAN13PHXMIA-MIA,2026-01-13 19:30:00,Phoenix Suns,121,Miami Heat,127,Miami Heat,0.47,0.53
KXNBAGAME-26JAN13CHIHOU-HOU,2026-01-13 20:00:00,Chicago Bulls,113,Houston Rockets,119,Houston Rockets,0.17000000000000004,0.83
KXNBAGAME-26JAN13MINMIL-MIL,2026-01-13 20:00:00,Minnesota Timberwolves,139,Milwaukee Bucks,106,Minnesota Timberwolves,0.45999999999999996,0.54
KXNBAGAME-26JAN13DENNOP-NOP,2026-01-13 20:00:00,Denver Nuggets,122,New Orleans Pelicans,116,Denver Nuggets,0.56,0.44
KXNBAGAME-26JAN13SASOKC-OKC,2026-01-13 20:00:00,San Antonio Spurs,98,Oklahoma City Thunder,119,Oklahoma City Thunder,0.28,0.72
KXNBAGAME-26JAN13ATLLAL-LAL,2026-01-13 22:30:00,Atlanta Hawks,116,Los Angeles Lakers,141,Los Angeles Lakers,0.45999999999999996,0.54
KXNBAGAME-26JAN13PORGSW-GSW,2026-01-13 23:00:00,Portland Trail Blazers,97,Golden State Warriors,119,Golden State Warriors,0.18999999999999995,0.81
KXNBAGAME-26JAN14TORIND-IND,2026-01-14 19:00:00,Toronto Raptors,115,Indiana Pacers,101,Toronto Raptors,0.47,0.53
KXNBAGAME-26JAN14CLEPHI-PHI,2026-01-14 19:00:00,Cleveland Cavaliers,133,Philadelphia 76ers,107,Cleveland Cavaliers,0.49,0.51
KXNBAGAME-26JAN14UTACHI-CHI,2026-01-14 20:00:00,Utah Jazz,126,Chicago Bulls,128,Chicago Bulls,0.31999999999999995,0.68
KXNBAGAME-26JAN14BKNNOP-NOP,2026-01-14 20:00:00,Brooklyn Nets,113,New Orleans Pelicans,116,New Orleans Pelicans,0.51,0.49
KXNBAGAME-26JAN14DENDAL-DAL,2026-01-14 21:30:00,Denver Nuggets,118,Dallas Mavericks,109,Denver Nuggets,0.47,0.53
KXNBAGAME-26JAN14NYKSAC-SAC,2026-01-14 22:00:00,New York Knicks,101,Sacramento Kings,112,Sacramento Kings,0.79,0.21
KXNBAGAME-26JAN14WASLAC-LAC,2026-01-14 22:30:00,Washington Wizards,105,Los Angeles Clippers,119,Los Angeles Clippers,0.18000000000000005,0.82
KXNBAGAME-26JAN15MEMORL-ORL,2026-01-15 14:00:00,Memphis Grizzlies,111,Orlando Magic,118,Orlando Magic,0.32999999999999996,0.67
KXNBAGAME-26JAN15PHXDET-DET,2026-01-15 19:00:00,Phoenix Suns,105,Detroit Pistons,108,Detroit Pistons,0.28,0.72
KXNBAGAME-26JAN15OKCHOU-HOU,2026-01-15 19:30:00,Oklahoma City Thunder,111,Houston Rockets,91,Oklahoma City Thunder,0.61,0.39
KXNBAGAME-26JAN15BOSMIA-MIA,2026-01-15 19:30:00,Boston Celtics,119,Miami Heat,114,Boston Celtics,0.5800000000000001,0.42
KXNBAGAME-26JAN15MILSAS-SAS,2026-01-15 20:00:00,Milwaukee Bucks,101,San Antonio Spurs,119,San Antonio Spurs,0.31000000000000005,0.69
KXNBAGAME-26JAN15UTADAL-DAL,2026-01-15 20:30:00,Utah Jazz,122,Dallas Mavericks,144,Dallas Mavericks,0.43999999999999995,0.56
KXNBAGAME-26JAN15NYKGSW-GSW,2026-01-15 22:00:00,New York Knicks,113,Golden State Warriors,126,Golden State Warriors,0.29000000000000004,0.71
KXNBAGAME-26JAN15ATLPOR-POR,2026-01-15 22:00:00,Atlanta Hawks,101,Portland Trail Blazers,117,Portland Trail Blazers,0.5900000000000001,0.41
KXNBAGAME-26JAN15CHALAL-LAL,2026-01-15 22:30:00,Charlotte Hornets,135,Los Angeles Lakers,117,Charlotte Hornets,0.39,0.61
KXNBAGAME-26JAN16NOPIND-IND,2026-01-16 19:00:00,New Orleans Pelicans,119,Indiana Pacers,127,Indiana Pacers,0.36,0.64
KXNBAGAME-26JAN16CLEPHI-PHI,2026-01-16 19:00:00,Cleveland Cavaliers,117,Philadelphia 76ers,115,Cleveland Cavaliers,0.43000000000000005,0.57
KXNBAGAME-26JAN16CHIBKN-BKN,2026-01-16 19:30:00,Chicago Bulls,109,Brooklyn Nets,112,Brooklyn Nets,0.48,0.52
KXNBAGAME-26JAN16LACTOR-TOR,2026-01-16 19:30:00,Los Angeles Clippers,121,Toronto Raptors,117,Los Angeles Clippers,0.43000000000000005,0.57
KXNBAGAME-26JAN16MINHOU-HOU,2026-01-16 21:30:00,Minnesota Timberwolves,105,Houston Rockets,110,Houston Rockets,0.39,0.61
KXNBAGAME-26JAN16WASSAC-SAC,2026-01-16 22:00:00,Washington Wizards,115,Sacramento Kings,128,Sacramento Kings,0.29000000000000004,0.71
KXNBAGAME-26JAN17UTADAL-DAL,2026-01-17 17:00:00,Utah Jazz,120,Dallas Mavericks,138,Dallas Mavericks,0.42000000000000004,0.58
KXNBAGAME-26JAN17BOSATL-ATL,2026-01-17 19:30:00,Boston Celtics,132,Atlanta Hawks,106,Boston Celtics,0.5900000000000001,0.41
KXNBAGAME-26JAN17INDDET-DET,2026-01-17 19:30:00,Indiana Pacers,78,Detroit Pistons,121,Detroit Pistons,0.13,0.87
KXNBAGAME-26JAN17PHXNYK-NYK,2026-01-17 19:30:00,Phoenix Suns,106,New York Knicks,99,Phoenix Suns,0.49,0.51
KXNBAGAME-26JAN17OKCMIA-MIA,2026-01-17 20:00:00,Oklahoma City Thunder,120,Miami Heat,122,Miami Heat,0.8,0.2
KXNBAGAME-26JAN17MINSAS-SAS,2026-01-17 20:00:00,Minnesota Timberwolves,123,San Antonio Spurs,126,San Antonio Spurs,0.35,0.65
KXNBAGAME-26JAN17CHAGSW-GSW,2026-01-17 20:30:00,Charlotte Hornets,116,Golden State Warriors,136,Golden State Warriors,0.28,0.72
KXNBAGAME-26JAN17WASDEN-DEN,2026-01-17 21:00:00,Washington Wizards,115,Denver Nuggets,121,Denver Nuggets,0.18999999999999995,0.81
KXNBAGAME-26JAN17LALPOR-POR,2026-01-17 22:00:00,Los Angeles Lakers,116,Portland Trail Blazers,132,Portland Trail Blazers,0.42000000000000004,0.58
KXNBAGAME-26JAN18ORLMEM-MEM,2026-01-18 12:00:00,Orlando Magic,109,Memphis Grizzlies,126,Memphis Grizzlies,0.5700000000000001,0.43
KXNBAGAME-26JAN18BKNCHI-CHI,2026-01-18 19:00:00,Brooklyn Nets,102,Chicago Bulls,124,Chicago Bulls,0.29000000000000004,0.71
KXNBAGAME-26JAN18NOPHOU-HOU,2026-01-18 19:00:00,New Orleans Pelicans,110,Houston Rockets,119,Houston Rockets,0.13,0.87
KXNBAGAME-26JAN18CHADEN-DEN,2026-01-18 20:00:00,Charlotte Hornets,110,Denver Nuggets,87,Charlotte Hornets,0.56,0.44
KXNBAGAME-26JAN18PORSAC-SAC,2026-01-18 21:00:00,Portland Trail Blazers,117,Sacramento Kings,110,Portland Trail Blazers,0.51,0.49
KXNBAGAME-26JAN18TORLAL-LAL,2026-01-18 21:30:00,Toronto Raptors,93,Los Angeles Lakers,110,Los Angeles Lakers,0.43999999999999995,0.56
KXNBAGAME-26JAN19MILATL-ATL,2026-01-19 13:00:00,Milwaukee Bucks,112,Atlanta Hawks,110,Milwaukee Bucks,0.48,0.52
KXNBAGAME-26JAN19OKCCLE-CLE,2026-01-19 14:30:00,Oklahoma City Thunder,136,Cleveland Cavaliers,104,Oklahoma City Thunder,0.6599999999999999,0.34
KXNBAGAME-26JAN19LACWAS-WAS,2026-01-19 15:00:00,Los Angeles Clippers,110,Washington Wizards,106,Los Angeles Clippers,0.71,0.29
KXNBAGAME-26JAN19DALNYK-NYK,2026-01-19 17:00:00,Dallas Mavericks,114,New York Knicks,97,Dallas Mavericks,0.17000000000000004,0.83
KXNBAGAME-26JAN19UTASAS-SAS,2026-01-19 17:00:00,Utah Jazz,110,San Antonio Spurs,123,San Antonio Spurs,0.10999999999999999,0.89
KXNBAGAME-26JAN19INDPHI-PHI,2026-01-19 19:00:00,Indiana Pacers,104,Philadelphia 76ers,113,Philadelphia 76ers,0.30000000000000004,0.7
KXNBAGAME-26JAN19PHXBKN-BKN,2026-01-19 19:30:00,Phoenix Suns,126,Brooklyn Nets,117,Phoenix Suns,0.78,0.22
KXNBAGAME-26JAN19BOSDET-DET,2026-01-19 20:00:00,Boston Celtics,103,Detroit Pistons,104,Detroit Pistons,0.43999999999999995,0.56
KXNBAGAME-26JAN19MIAGSW-GSW,2026-01-19 22:00:00,Miami Heat,112,Golden State Warriors,135,Golden State Warriors,0.35,0.65
KXNBAGAME-26JAN20PHXPHI-PHI,2026-01-20 19:00:00,Phoenix Suns,116,Philadelphia 76ers,110,Phoenix Suns,0.56,0.44
KXNBAGAME-26JAN20LACCHI-CHI,2026-01-20 20:00:00,Los Angeles Clippers,110,Chicago Bulls,138,Chicago Bulls,0.43000000000000005,0.57
KXNBAGAME-26JAN20SASHOU-HOU,2026-01-20 20:00:00,San Antonio Spurs,106,Houston Rockets,111,Houston Rockets,0.38,0.62
KXNBAGAME-26JAN20MINUTA-UTA,2026-01-20 21:00:00,Minnesota Timberwolves,122,Utah Jazz,127,Utah Jazz,0.85,0.15
KXNBAGAME-26JAN20LALDEN-DEN,2026-01-20 22:00:00,Los Angeles Lakers,115,Denver Nuggets,107,Los Angeles Lakers,0.5800000000000001,0.42
KXNBAGAME-26JAN20TORGSW-GSW,2026-01-20 22:00:00,Toronto Raptors,145,Golden State Warriors,127,Toronto Raptors,0.38,0.62
KXNBAGAME-26JAN20MIASAC-SAC,2026-01-20 22:00:00,Miami Heat,130,Sacramento Kings,117,Miami Heat,0.61,0.39
KXNBAGAME-26JAN21CLECHA-CHA,2026-01-21 19:00:00,Cleveland Cavaliers,94,Charlotte Hornets,87,Cleveland Cavaliers,0.5900000000000001,0.41
KXNBAGAME-26JAN21INDBOS-BOS,2026-01-21 19:30:00,Indiana Pacers,104,Boston Celtics,119,Boston Celtics,0.19999999999999996,0.8
KXNBAGAME-26JAN21BKNNYK-NYK,2026-01-21 19:30:00,Brooklyn Nets,66,New York Knicks,120,New York Knicks,0.15000000000000002,0.85
KXNBAGAME-26JAN21ATLMEM-MEM,2026-01-21 20:00:00,Atlanta Hawks,124,Memphis Grizzlies,122,Atlanta Hawks,0.48,0.52
KXNBAGAME-26JAN21DETNOP-NOP,2026-01-21 20:00:00,Detroit Pistons,112,New Orleans Pelicans,104,Detroit Pistons,0.71,0.29
KXNBAGAME-26JAN21OKCMIL-MIL,2026-01-21 21:30:00,Oklahoma City Thunder,122,Milwaukee Bucks,102,Oklahoma City Thunder,0.8200000000000001,0.18
KXNBAGAME-26JAN21TORSAC-SAC,2026-01-21 22:00:00,Toronto Raptors,122,Sacramento Kings,109,Toronto Raptors,0.63,0.37
KXNBAGAME-26JAN22CHAORL-ORL,2026-01-22 19:00:00,Charlotte Hornets,124,Orlando Magic,97,Charlotte Hornets,0.4,0.6
KXNBAGAME-26JAN22HOUPHI-PHI,2026-01-22 19:00:00,Houston Rockets,122,Philadelphia 76ers,128,Philadelphia 76ers,0.54,0.46
KXNBAGAME-26JAN22DENWAS-WAS,2026-01-22 19:00:00,Denver Nuggets,107,Washington Wizards,97,Denver Nuggets,0.69,0.31
KXNBAGAME-26JAN22GSWDAL-DAL,2026-01-22 19:30:00,Golden State Warriors,115,Dallas Mavericks,123,Dallas Mavericks,0.6799999999999999,0.32
KXNBAGAME-26JAN22CHIMIN-MIN,2026-01-22 20:00:00,Chicago Bulls,120,Minnesota Timberwolves,115,Chicago Bulls,0.22999999999999998,0.77
KXNBAGAME-26JAN22SASUTA-UTA,2026-01-22 21:00:00,San Antonio Spurs,126,Utah Jazz,109,San Antonio Spurs,0.83,0.17
KXNBAGAME-26JAN22LALLAC-LAC,2026-01-22 22:00:00,Los Angeles Lakers,104,Los Angeles Clippers,112,Los Angeles Clippers,0.43000000000000005,0.57
KXNBAGAME-26JAN22MIAPOR-POR,2026-01-22 22:00:00,Miami Heat,110,Portland Trail Blazers,127,Portland Trail Blazers,0.41000000000000003,0.59
KXNBAGAME-26JAN23HOUDET-DET,2026-01-23 19:00:00,Houston Rockets,111,Detroit Pistons,104,Houston Rockets,0.38,0.62
KXNBAGAME-26JAN23PHXATL-ATL,2026-01-23 19:30:00,Phoenix Suns,103,Atlanta Hawks,110,Atlanta Hawks,0.5700000000000001,0.43
KXNBAGAME-26JAN23BOSBKN-BKN,2026-01-23 19:30:00,Boston Celtics,130,Brooklyn Nets,126,Boston Celtics,0.75,0.25
KXNBAGAME-26JAN23SACCLE-CLE,2026-01-23 19:30:00,Sacramento Kings,118,Cleveland Cavaliers,123,Cleveland Cavaliers,0.17000000000000004,0.83
KXNBAGAME-26JAN23NOPMEM-MEM,2026-01-23 20:00:00,New Orleans Pelicans,133,Memphis Grizzlies,127,New Orleans Pelicans,0.36,0.64
KXNBAGAME-26JAN23INDOKC-OKC,2026-01-23 20:00:00,Indiana Pacers,117,Oklahoma City Thunder,114,Indiana Pacers,0.10999999999999999,0.89
KXNBAGAME-26JAN23DENMIL-MIL,2026-01-23 21:30:00,Denver Nuggets,102,Milwaukee Bucks,100,Denver Nuggets,0.27,0.73
KXNBAGAME-26JAN23TORPOR-POR,2026-01-23 22:00:00,Toronto Raptors,110,Portland Trail Blazers,98,Toronto Raptors,0.6,0.4
KXNBAGAME-26JAN24WASCHA-CHA,2026-01-24 12:00:00,Washington Wizards,115,Charlotte Hornets,119,Charlotte Hornets,0.18000000000000005,0.82
KXNBAGAME-26JAN24NYKPHI-PHI,2026-01-24 15:00:00,New York Knicks,112,Philadelphia 76ers,109,New York Knicks,0.51,0.49
KXNBAGAME-26JAN24CLEORL-ORL,2026-01-24 19:00:00,Cleveland Cavaliers,119,Orlando Magic,105,Cleveland Cavaliers,0.47,0.53
KXNBAGAME-26JAN24BOSCHI-CHI,2026-01-24 20:00:00,Boston Celtics,111,Chicago Bulls,114,Chicago Bulls,0.5900000000000001,0.41
KXNBAGAME-26JAN24LALDAL-DAL,2026-01-24 20:30:00,Los Angeles Lakers,116,Dallas Mavericks,110,Los Angeles Lakers,0.61,0.39
KXNBAGAME-26JAN24MIAUTA-UTA,2026-01-24 21:30:00,Miami Heat,147,Utah Jazz,116,Miami Heat,0.6799999999999999,0.32
KXNBAGAME-26JAN25SACDET-DET,2026-01-25 15:00:00,Sacramento Kings,116,Detroit Pistons,139,Detroit Pistons,0.15000000000000002,0.85
KXNBAGAME-26JAN25TOROKC-OKC,2026-01-25 19:00:00,Toronto Raptors,103,Oklahoma City Thunder,101,Toronto Raptors,0.18000000000000005,0.82
KXNBAGAME-26JAN25NOPSAS-SAS,2026-01-25 19:00:00,New Orleans Pelicans,104,San Antonio Spurs,95,New Orleans Pelicans,0.18000000000000005,0.82
KXNBAGAME-26JAN25MIAPHX-PHX,2026-01-25 20:00:00,Miami Heat,111,Phoenix Suns,102,Miami Heat,0.38,0.62
KXNBAGAME-26JAN25BKNLAC-LAC,2026-01-25 21:00:00,Brooklyn Nets,89,Los Angeles Clippers,126,Los Angeles Clippers,0.18999999999999995,0.81
KXNBAGAME-26JAN26INDATL-ATL,2026-01-26 13:30:00,Indiana Pacers,116,Atlanta Hawks,132,Atlanta Hawks,0.33999999999999997,0.66
KXNBAGAME-26JAN26PHICHA-CHA,2026-01-26 15:00:00,Philadelphia 76ers,93,Charlotte Hornets,130,Charlotte Hornets,0.43999999999999995,0.56
KXNBAGAME-26JAN26ORLCLE-CLE,2026-01-26 19:00:00,Orlando Magic,98,Cleveland Cavaliers,114,Cleveland Cavaliers,0.33999999999999997,0.66
KXNBAGAME-26JAN26PORBOS-BOS,2026-01-26 20:00:00,Portland Trail Blazers,94,Boston Celtics,102,Boston Celtics,0.24,0.76
KXNBAGAME-26JAN26LALCHI-CHI,2026-01-26 20:00:00,Los Angeles Lakers,129,Chicago Bulls,118,Los Angeles Lakers,0.52,0.48
KXNBAGAME-26JAN26MEMHOU-HOU,2026-01-26 20:00:00,Memphis Grizzlies,99,Houston Rockets,108,Houston Rockets,0.18000000000000005,0.82
KXNBAGAME-26JAN26GSWMIN-MIN,2026-01-26 21:30:00,Golden State Warriors,83,Minnesota Timberwolves,108,Minnesota Timberwolves,0.27,0.73
KXNBAGAME-26JAN27PORWAS-WAS,2026-01-27 19:00:00,Portland Trail Blazers,111,Washington Wizards,115,Washington Wizards,0.6799999999999999,0.32
KXNBAGAME-26JAN27SACNYK-NYK,2026-01-27 19:30:00,Sacramento Kings,87,New York Knicks,103,New York Knicks,0.13,0.87
KXNBAGAME-26JAN27NOPOKC-OKC,2026-01-27 20:00:00,New Orleans Pelicans,95,Oklahoma City Thunder,104,Oklahoma City Thunder,0.15000000000000002,0.85
KXNBAGAME-26JAN27MILPHI-PHI,2026-01-27 20:00:00,Milwaukee Bucks,122,Philadelphia 76ers,139,Philadelphia 76ers,0.22999999999999998,0.77
KXNBAGAME-26JAN27DETDEN-DEN,2026-01-27 21:00:00,Detroit Pistons,109,Denver Nuggets,107,Detroit Pistons,0.7,0.3
KXNBAGAME-26JAN27BKNPHX-PHX,2026-01-27 21:00:00,Brooklyn Nets,102,Phoenix Suns,106,Phoenix Suns,0.26,0.74
KXNBAGAME-26JAN27LACUTA-UTA,2026-01-27 22:00:00,Los Angeles Clippers,115,Utah Jazz,103,Los Angeles Clippers,0.74,0.26
KXNBAGAME-26JAN28LALCLE-CLE,2026-01-28 19:00:00,Los Angeles Lakers,99,Cleveland Cavaliers,129,Cleveland Cavaliers,0.39,0.61
KXNBAGAME-26JAN28CHIIND-IND,2026-01-28 19:00:00,Chicago Bulls,110,Indiana Pacers,113,Indiana Pacers,0.54,0.46
KXNBAGAME-26JAN28ATLBOS-BOS,2026-01-28 19:30:00,Atlanta Hawks,117,Boston Celtics,106,Atlanta Hawks,0.33999999999999997,0.66
KXNBAGAME-26JAN28ORLMIA-MIA,2026-01-28 19:30:00,Orlando Magic,133,Miami Heat,124,Orlando Magic,0.41000000000000003,0.59
KXNBAGAME-26JAN28NYKTOR-TOR,2026-01-28 19:30:00,New York Knicks,119,Toronto Raptors,92,New York Knicks,0.45999999999999996,0.54
KXNBAGAME-26JAN28CHAMEM-MEM,2026-01-28 20:00:00,Charlotte Hornets,112,Memphis Grizzlies,97,Charlotte Hornets,0.55,0.45
KXNBAGAME-26JAN28MINDAL-DAL,2026-01-28 20:30:00,Minnesota Timberwolves,118,Dallas Mavericks,105,Minnesota Timberwolves,0.74,0.26
KXNBAGAME-26JAN28GSWUTA-UTA,2026-01-28 21:00:00,Golden State Warriors,140,Utah Jazz,124,Golden State Warriors,0.73,0.27
KXNBAGAME-26JAN28SASHOU-HOU,2026-01-28 21:30:00,San Antonio Spurs,111,Houston Rockets,99,San Antonio Spurs,0.44999999999999996,0.55
KXNBAGAME-26JAN29SACPHI-PHI,2026-01-29 19:00:00,Sacramento Kings,111,Philadelphia 76ers,113,Philadelphia 76ers,0.21999999999999997,0.78
KXNBAGAME-26JAN29MILWAS-WAS,2026-01-29 19:00:00,Milwaukee Bucks,99,Washington Wizards,109,Washington Wizards,0.53,0.47
KXNBAGAME-26JAN29HOUATL-ATL,2026-01-29 20:00:00,Houston Rockets,104,Atlanta Hawks,86,Houston Rockets,0.7,0.3
KXNBAGAME-26JAN29MIACHI-CHI,2026-01-29 20:00:00,Miami Heat,116,Chicago Bulls,113,Miami Heat,0.54,0.46
KXNBAGAME-26JAN29CHADAL-DAL,2026-01-29 20:30:00,Charlotte Hornets,123,Dallas Mavericks,121,Charlotte Hornets,0.5700000000000001,0.43
KXNBAGAME-26JAN29BKNDEN-DEN,2026-01-29 21:00:00,Brooklyn Nets,103,Denver Nuggets,107,Denver Nuggets,0.30000000000000004,0.7
KXNBAGAME-26JAN29DETPHX-PHX,2026-01-29 21:00:00,Detroit Pistons,96,Phoenix Suns,114,Phoenix Suns,0.5900000000000001,0.41
KXNBAGAME-26JAN29OKCMIN-MIN,2026-01-29 21:30:00,Oklahoma City Thunder,111,Minnesota Timberwolves,123,Minnesota Timberwolves,0.64,0.36
KXNBAGAME-26JAN30LALWAS-WAS,2026-01-30 19:00:00,Los Angeles Lakers,142,Washington Wizards,111,Los Angeles Lakers,0.81,0.19
KXNBAGAME-26JAN30SACBOS-BOS,2026-01-30 19:30:00,Sacramento Kings,93,Boston Celtics,112,Boston Celtics,0.17000000000000004,0.83
KXNBAGAME-26JAN30MEMNOP-NOP,2026-01-30 19:30:00,Memphis Grizzlies,106,New Orleans Pelicans,114,New Orleans Pelicans,0.41000000000000003,0.59
KXNBAGAME-26JAN30PORNYK-NYK,2026-01-30 19:30:00,Portland Trail Blazers,97,New York Knicks,127,New York Knicks,0.30000000000000004,0.7
KXNBAGAME-26JAN30TORORL-ORL,2026-01-30 19:30:00,Toronto Raptors,120,Orlando Magic,130,Orlando Magic,0.43999999999999995,0.56
KXNBAGAME-26JAN30LACDEN-DEN,2026-01-30 21:00:00,Los Angeles Clippers,109,Denver Nuggets,122,Denver Nuggets,0.56,0.44
KXNBAGAME-26JAN30CLEPHX-PHX,2026-01-30 21:00:00,Cleveland Cavaliers,113,Phoenix Suns,126,Phoenix Suns,0.53,0.47
KXNBAGAME-26JAN30BKNUTA-UTA,2026-01-30 21:30:00,Brooklyn Nets,109,Utah Jazz,99,Brooklyn Nets,0.4,0.6
KXNBAGAME-26JAN30DETGSW-GSW,2026-01-30 22:00:00,Detroit Pistons,131,Golden State Warriors,124,Detroit Pistons,0.43999999999999995,0.56
KXNBAGAME-26JAN31SASCHA-CHA,2026-01-31 12:00:00,San Antonio Spurs,106,Charlotte Hornets,111,Charlotte Hornets,0.6,0.4
KXNBAGAME-26JAN31ATLIND-IND,2026-01-31 19:00:00,Atlanta Hawks,124,Indiana Pacers,129,Indiana Pacers,0.52,0.48
KXNBAGAME-26JAN31NOPPHI-PHI,2026-01-31 19:30:00,New Orleans Pelicans,114,Philadelphia 76ers,124,Philadelphia 76ers,0.31999999999999995,0.68
KXNBAGAME-26JAN31MINMEM-MEM,2026-01-31 20:00:00,Minnesota Timberwolves,131,Memphis Grizzlies,114,Minnesota Timberwolves,0.8,0.2
KXNBAGAME-26JAN31CHIMIA-MIA,2026-01-31 20:00:00,Chicago Bulls,125,Miami Heat,118,Chicago Bulls,0.33999999999999997,0.66
KXNBAGAME-26JAN31DALHOU-HOU,2026-01-31 20:30:00,Dallas Mavericks,107,Houston Rockets,111,Houston Rockets,0.20999999999999996,0.79
KXNBAGAME-26FEB01MILBOS-BOS,2026-02-01 15:30:00,Milwaukee Bucks,79,Boston Celtics,107,Boston Celtics,0.15000000000000002,0.85
KXNBAGAME-26FEB01BKNDET-DET,2026-02-01 18:00:00,Brooklyn Nets,77,Detroit Pistons,130,Detroit Pistons,0.13,0.87
KXNBAGAME-26FEB01CHIMIA-MIA,2026-02-01 18:00:00,Chicago Bulls,91,Miami Heat,134,Miami Heat,0.33999999999999997,0.66
KXNBAGAME-26FEB01UTATOR-TOR,2026-02-01 18:00:00,Utah Jazz,100,Toronto Raptors,107,Toronto Raptors,0.20999999999999996,0.79
KXNBAGAME-26FEB01SACWAS-WAS,2026-02-01 18:00:00,Sacramento Kings,112,Washington Wizards,116,Washington Wizards,0.52,0.48
KXNBAGAME-26FEB01LALNYK-NYK,2026-02-01 19:00:00,Los Angeles Lakers,100,New York Knicks,112,New York Knicks,0.31999999999999995,0.68
KXNBAGAME-26FEB01LACPHX-PHX,2026-02-01 20:00:00,Los Angeles Clippers,117,Phoenix Suns,93,Los Angeles Clippers,0.42000000000000004,0.58
KXNBAGAME-26FEB01CLEPOR-POR,2026-02-01 21:00:00,Cleveland Cavaliers,130,Portland Trail Blazers,111,Cleveland Cavaliers,0.61,0.39
KXNBAGAME-26FEB01ORLSAS-SAS,2026-02-01 21:00:00,Orlando Magic,103,San Antonio Spurs,112,San Antonio Spurs,0.33999999999999997,0.66
KXNBAGAME-26FEB01OKCDEN-DEN,2026-02-01 21:30:00,Oklahoma City Thunder,121,Denver Nuggets,111,Oklahoma City Thunder,0.6699999999999999,0.33
KXNBAGAME-26FEB02NOPCHA-CHA,2026-02-02 15:00:00,New Orleans Pelicans,95,Charlotte Hornets,102,Charlotte Hornets,0.30000000000000004,0.7
KXNBAGAME-26FEB02HOUIND-IND,2026-02-02 19:00:00,Houston Rockets,118,Indiana Pacers,114,Houston Rockets,0.7,0.3
KXNBAGAME-26FEB02MINMEM-MEM,2026-02-02 19:30:00,Minnesota Timberwolves,128,Memphis Grizzlies,137,Memphis Grizzlies,0.72,0.28
KXNBAGAME-26FEB02PHILAC-LAC,2026-02-02 22:00:00,Philadelphia 76ers,128,Los Angeles Clippers,113,Philadelphia 76ers,0.5,0.5
KXNBAGAME-26FEB03DENDET-DET,2026-02-03 19:00:00,Denver Nuggets,121,Detroit Pistons,124,Detroit Pistons,0.35,0.65
KXNBAGAME-26FEB03UTAIND-IND,2026-02-03 19:00:00,Utah Jazz,131,Indiana Pacers,122,Utah Jazz,0.5700000000000001,0.43
KXNBAGAME-26FEB03NYKWAS-WAS,2026-02-03 19:00:00,New York Knicks,132,Washington Wizards,101,New York Knicks,0.83,0.17
KXNBAGAME-26FEB03LALBKN-BKN,2026-02-03 19:30:00,Los Angeles Lakers,125,Brooklyn Nets,109,Los Angeles Lakers,0.74,0.26
KXNBAGAME-26FEB03ATLMIA-MIA,2026-02-03 19:30:00,Atlanta Hawks,127,Miami Heat,115,Atlanta Hawks,0.48,0.52
KXNBAGAME-26FEB03BOSDAL-DAL,2026-02-03 20:00:00,Boston Celtics,110,Dallas Mavericks,100,Boston Celtics,0.69,0.31
KXNBAGAME-26FEB03CHIMIL-MIL,2026-02-03 20:00:00,Chicago Bulls,115,Milwaukee Bucks,131,Milwaukee Bucks,0.52,0.48
KXNBAGAME-26FEB03ORLOKC-OKC,2026-02-03 20:00:00,Orlando Magic,92,Oklahoma City Thunder,128,Oklahoma City Thunder,0.18000000000000005,0.82
KXNBAGAME-26FEB03PHIGSW-GSW,2026-02-03 22:00:00,Philadelphia 76ers,113,Golden State Warriors,94,Philadelphia 76ers,0.38,0.62
KXNBAGAME-26FEB03PHXPOR-POR,2026-02-03 23:00:00,Phoenix Suns,130,Portland Trail Blazers,125,Phoenix Suns,0.5900000000000001,0.41
KXNBAGAME-26FEB04DENNYK-NYK,2026-02-04 19:00:00,Denver Nuggets,127,New York Knicks,134,New York Knicks,0.36,0.64
KXNBAGAME-26FEB04MINTOR-TOR,2026-02-04 19:30:00,Minnesota Timberwolves,128,Toronto Raptors,126,Minnesota Timberwolves,0.55,0.45
KXNBAGAME-26FEB04BOSHOU-HOU,2026-02-04 20:00:00,Boston Celtics,114,Houston Rockets,93,Boston Celtics,0.27,0.73
KXNBAGAME-26FEB04NOPMIL-MIL,2026-02-04 20:00:00,New Orleans Pelicans,137,Milwaukee Bucks,141,Milwaukee Bucks,0.62,0.38
KXNBAGAME-26FEB04OKCSAS-SAS,2026-02-04 21:30:00,Oklahoma City Thunder,106,San Antonio Spurs,116,San Antonio Spurs,0.20999999999999996,0.79
KXNBAGAME-26FEB04MEMSAC-SAC,2026-02-04 22:00:00,Memphis Grizzlies,129,Sacramento Kings,125,Memphis Grizzlies,0.41000000000000003,0.59
KXNBAGAME-26FEB04CLELAC-LAC,2026-02-04 22:30:00,Cleveland Cavaliers,124,Los Angeles Clippers,91,Cleveland Cavaliers,0.5700000000000001,0.43
KXNBAGAME-26FEB05WASDET-DET,2026-02-05 19:00:00,Washington Wizards,126,Detroit Pistons,117,Washington Wizards,0.09999999999999998,0.9
KXNBAGAME-26FEB05BKNORL-ORL,2026-02-05 19:00:00,Brooklyn Nets,98,Orlando Magic,118,Orlando Magic,0.21999999999999997,0.78
KXNBAGAME-26FEB05UTAATL-ATL,2026-02-05 19:30:00,Utah Jazz,119,Atlanta Hawks,121,Atlanta Hawks,0.26,0.74
KXNBAGAME-26FEB05CHITOR-TOR,2026-02-05 19:30:00,Chicago Bulls,107,Toronto Raptors,123,Toronto Raptors,0.26,0.74
KXNBAGAME-26FEB05CHAHOU-HOU,2026-02-05 20:00:00,Charlotte Hornets,109,Houston Rockets,99,Charlotte Hornets,0.37,0.63
KXNBAGAME-26FEB05SASDAL-DAL,2026-02-05 20:30:00,San Antonio Spurs,135,Dallas Mavericks,123,San Antonio Spurs,0.73,0.27
KXNBAGAME-26FEB05PHILAL-LAL,2026-02-05 22:00:00,Philadelphia 76ers,115,Los Angeles Lakers,119,Los Angeles Lakers,0.43999999999999995,0.56
KXNBAGAME-26FEB05GSWPHX-PHX,2026-02-05 22:00:00,Golden State Warriors,101,Phoenix Suns,97,Golden State Warriors,0.33999999999999997,0.66
KXNBAGAME-26FEB06MIABOS-BOS,2026-02-06 19:30:00,Miami Heat,96,Boston Celtics,98,Boston Celtics,0.32999999999999996,0.67
KXNBAGAME-26FEB06NYKDET-DET,2026-02-06 19:30:00,New York Knicks,80,Detroit Pistons,118,Detroit Pistons,0.32999999999999996,0.67
KXNBAGAME-26FEB06INDMIL-MIL,2026-02-06 20:00:00,Indiana Pacers,99,Milwaukee Bucks,105,Milwaukee Bucks,0.53,0.47
KXNBAGAME-26FEB06NOPMIN-MIN,2026-02-06 20:00:00,New Orleans Pelicans,119,Minnesota Timberwolves,115,New Orleans Pelicans,0.24,0.76
KXNBAGAME-26FEB06MEMPOR-POR,2026-02-06 22:00:00,Memphis Grizzlies,115,Portland Trail Blazers,135,Portland Trail Blazers,0.27,0.73
KXNBAGAME-26FEB06LACSAC-SAC,2026-02-06 22:00:00,Los Angeles Clippers,114,Sacramento Kings,111,Los Angeles Clippers,0.5900000000000001,0.41
KXNBAGAME-26FEB07WASBKN-BKN,2026-02-07 15:00:00,Washington Wizards,113,Brooklyn Nets,127,Brooklyn Nets,0.27,0.73
KXNBAGAME-26FEB07HOUOKC-OKC,2026-02-07 15:30:00,Houston Rockets,112,Oklahoma City Thunder,106,Houston Rockets,0.4,0.6
KXNBAGAME-26FEB07DALSAS-SAS,2026-02-07 18:00:00,Dallas Mavericks,125,San Antonio Spurs,138,San Antonio Spurs,0.19999999999999996,0.8
KXNBAGAME-26FEB07UTAORL-ORL,2026-02-07 19:00:00,Utah Jazz,117,Orlando Magic,120,Orlando Magic,0.28,0.72
KXNBAGAME-26FEB07CHAATL-ATL,2026-02-07 19:30:00,Charlotte Hornets,126,Atlanta Hawks,119,Charlotte Hornets,0.53,0.47
KXNBAGAME-26FEB07DENCHI-CHI,2026-02-07 20:00:00,Denver Nuggets,136,Chicago Bulls,120,Denver Nuggets,0.75,0.25
KXNBAGAME-26FEB07GSWLAL-LAL,2026-02-07 20:30:00,Golden State Warriors,99,Los Angeles Lakers,105,Los Angeles Lakers,0.43999999999999995,0.56
KXNBAGAME-26FEB07PHIPHX-PHX,2026-02-07 21:00:00,Philadelphia 76ers,109,Phoenix Suns,103,Philadelphia 76ers,0.43999999999999995,0.56
KXNBAGAME-26FEB07MEMPOR-POR,2026-02-07 22:00:00,Memphis Grizzlies,115,Portland Trail Blazers,122,Portland Trail Blazers,0.26,0.74
KXNBAGAME-26FEB07CLESAC-SAC,2026-02-07 22:00:00,Cleveland Cavaliers,132,Sacramento Kings,126,Cleveland Cavaliers,0.8200000000000001,0.18
KXNBAGAME-26FEB08NYKBOS-BOS,2026-02-08 12:30:00,New York Knicks,111,Boston Celtics,89,New York Knicks,0.41000000000000003,0.59
KXNBAGAME-26FEB08MIAWAS-WAS,2026-02-08 14:00:00,Miami Heat,132,Washington Wizards,101,Miami Heat,0.85,0.15
KXNBAGAME-26FEB08LACMIN-MIN,2026-02-08 15:00:00,Los Angeles Clippers,115,Minnesota Timberwolves,96,Los Angeles Clippers,0.25,0.75
KXNBAGAME-26FEB08INDTOR-TOR,2026-02-08 15:00:00,Indiana Pacers,104,Toronto Raptors,122,Toronto Raptors,0.24,0.76
KXNBAGAME-26FEB09DETCHA-CHA,2026-02-09 19:00:00,Detroit Pistons,110,Charlotte Hornets,104,Detroit Pistons,0.56,0.44
KXNBAGAME-26FEB09CHIBKN-BKN,2026-02-09 19:30:00,Chicago Bulls,115,Brooklyn Nets,123,Brooklyn Nets,0.5800000000000001,0.42
KXNBAGAME-26FEB09UTAMIA-MIA,2026-02-09 19:30:00,Utah Jazz,115,Miami Heat,111,Utah Jazz,0.29000000000000004,0.71
KXNBAGAME-26FEB09MILORL-ORL,2026-02-09 19:30:00,Milwaukee Bucks,99,Orlando Magic,118,Orlando Magic,0.21999999999999997,0.78
KXNBAGAME-26FEB09ATLMIN-MIN,2026-02-09 20:00:00,Atlanta Hawks,116,Minnesota Timberwolves,138,Minnesota Timberwolves,0.25,0.75
KXNBAGAME-26FEB09SACNOP-NOP,2026-02-09 20:00:00,Sacramento Kings,94,New Orleans Pelicans,120,New Orleans Pelicans,0.21999999999999997,0.78
KXNBAGAME-26FEB09CLEDEN-DEN,2026-02-09 21:00:00,Cleveland Cavaliers,119,Denver Nuggets,117,Cleveland Cavaliers,0.42000000000000004,0.58
KXNBAGAME-26FEB09MEMGSW-GSW,2026-02-09 22:00:00,Memphis Grizzlies,113,Golden State Warriors,114,Golden State Warriors,0.24,0.76
KXNBAGAME-26FEB09OKCLAL-LAL,2026-02-09 22:00:00,Oklahoma City Thunder,119,Los Angeles Lakers,110,Oklahoma City Thunder,0.6799999999999999,0.32
KXNBAGAME-26FEB09PHIPOR-POR,2026-02-09 22:00:00,Philadelphia 76ers,118,Portland Trail Blazers,135,Portland Trail Blazers,0.4,0.6
KXNBAGAME-26FEB10INDNYK-NYK,2026-02-10 19:30:00,Indiana Pacers,137,New York Knicks,134,Indiana Pacers,0.17000000000000004,0.83
KXNBAGAME-26FEB10LACHOU-HOU,2026-02-10 20:00:00,Los Angeles Clippers,95,Houston Rockets,102,Houston Rockets,0.27,0.73
KXNBAGAME-26FEB10DALPHX-PHX,2026-02-10 21:00:00,Dallas Mavericks,111,Phoenix Suns,120,Phoenix Suns,0.26,0.74
KXNBAGAME-26FEB10SASLAL-LAL,2026-02-10 22:30:00,San Antonio Spurs,136,Los Angeles Lakers,108,San Antonio Spurs,0.84,0.16
KXNBAGAME-26FEB11ATLCHA-CHA,2026-02-11 19:00:00,Atlanta Hawks,107,Charlotte Hornets,110,Charlotte Hornets,0.44999999999999996,0.55
KXNBAGAME-26FEB11WASCLE-CLE,2026-02-11 19:00:00,Washington Wizards,113,Cleveland Cavaliers,138,Cleveland Cavaliers,0.09999999999999998,0.9
KXNBAGAME-26FEB11MILORL-ORL,2026-02-11 19:00:00,Milwaukee Bucks,116,Orlando Magic,108,Milwaukee Bucks,0.18000000000000005,0.82
KXNBAGAME-26FEB11CHIBOS-BOS,2026-02-11 19:30:00,Chicago Bulls,105,Boston Celtics,124,Boston Celtics,0.14,0.86
KXNBAGAME-26FEB11INDBKN-BKN,2026-02-11 19:30:00,Indiana Pacers,115,Brooklyn Nets,110,Indiana Pacers,0.31999999999999995,0.68
KXNBAGAME-26FEB11NYKPHI-PHI,2026-02-11 19:30:00,New York Knicks,138,Philadelphia 76ers,89,New York Knicks,0.55,0.45
KXNBAGAME-26FEB11DETTOR-TOR,2026-02-11 19:30:00,Detroit Pistons,113,Toronto Raptors,95,Detroit Pistons,0.49,0.51
KXNBAGAME-26FEB11LACHOU-HOU,2026-02-11 20:00:00,Los Angeles Clippers,105,Houston Rockets,102,Los Angeles Clippers,0.25,0.75
KXNBAGAME-26FEB11PORMIN-MIN,2026-02-11 20:00:00,Portland Trail Blazers,109,Minnesota Timberwolves,133,Minnesota Timberwolves,0.27,0.73
KXNBAGAME-26FEB11MIANOP-NOP,2026-02-11 20:00:00,Miami Heat,123,New Orleans Pelicans,111,Miami Heat,0.45999999999999996,0.54
KXNBAGAME-26FEB11MEMDEN-DEN,2026-02-11 21:00:00,Memphis Grizzlies,116,Denver Nuggets,122,Denver Nuggets,0.14,0.86
KXNBAGAME-26FEB11OKCPHX-PHX,2026-02-11 21:00:00,Oklahoma City Thunder,136,Phoenix Suns,109,Oklahoma City Thunder,0.7,0.3
KXNBAGAME-26FEB11SACUTA-UTA,2026-02-11 21:00:00,Sacramento Kings,93,Utah Jazz,121,Utah Jazz,0.33999999999999997,0.66
KXNBAGAME-26FEB11SASGSW-GSW,2026-02-11 22:00:00,San Antonio Spurs,126,Golden State Warriors,113,San Antonio Spurs,0.6799999999999999,0.32
KXNBAGAME-26FEB12MILOKC-OKC,2026-02-12 19:30:00,Milwaukee Bucks,110,Oklahoma City Thunder,93,Milwaukee Bucks,0.16000000000000003,0.84
KXNBAGAME-26FEB12PORUTA-UTA,2026-02-12 21:00:00,Portland Trail Blazers,135,Utah Jazz,119,Portland Trail Blazers,0.69,0.31
KXNBAGAME-26FEB12DALLAL-LAL,2026-02-12 22:00:00,Dallas Mavericks,104,Los Angeles Lakers,124,Los Angeles Lakers,0.30000000000000004,0.7
KXNBAGAME-26FEB19HOUCHA-CHA,2026-02-19 19:00:00,Houston Rockets,105,Charlotte Hornets,101,Houston Rockets,0.63,0.37
KXNBAGAME-26FEB19BKNCLE-CLE,2026-02-19 19:00:00,Brooklyn Nets,84,Cleveland Cavaliers,112,Cleveland Cavaliers,0.09999999999999998,0.9
KXNBAGAME-26FEB19ATLPHI-PHI,2026-02-19 19:00:00,Atlanta Hawks,117,Philadelphia 76ers,107,Atlanta Hawks,0.49,0.51
KXNBAGAME-26FEB19INDWAS-WAS,2026-02-19 19:00:00,Indiana Pacers,105,Washington Wizards,112,Washington Wizards,0.54,0.46
KXNBAGAME-26FEB19DETNYK-NYK,2026-02-19 19:30:00,Detroit Pistons,126,New York Knicks,111,Detroit Pistons,0.4,0.6
KXNBAGAME-26FEB19TORCHI-CHI,2026-02-19 20:00:00,Toronto Raptors,110,Chicago Bulls,101,Toronto Raptors,0.6599999999999999,0.34
KXNBAGAME-26FEB19PHXSAS-SAS,2026-02-19 20:30:00,Phoenix Suns,94,San Antonio Spurs,121,San Antonio Spurs,0.27,0.73
KXNBAGAME-26FEB19BOSGSW-GSW,2026-02-19 22:00:00,Boston Celtics,121,Golden State Warriors,110,Boston Celtics,0.65,0.35
KXNBAGAME-26FEB19ORLSAC-SAC,2026-02-19 22:00:00,Orlando Magic,131,Sacramento Kings,94,Orlando Magic,0.75,0.25
KXNBAGAME-26FEB19DENLAC-LAC,2026-02-19 22:30:00,Denver Nuggets,114,Los Angeles Clippers,115,Los Angeles Clippers,0.63,0.37
KXNBAGAME-26FEB20CLECHA-CHA,2026-02-20 19:00:00,Cleveland Cavaliers,118,Charlotte Hornets,113,Cleveland Cavaliers,0.6599999999999999,0.34
KXNBAGAME-26FEB20UTAMEM-MEM,2026-02-20 19:00:00,Utah Jazz,114,Memphis Grizzlies,123,Memphis Grizzlies,0.43000000000000005,0.57
KXNBAGAME-26FEB20INDWAS-WAS,2026-02-20 19:00:00,Indiana Pacers,118,Washington Wizards,131,Washington Wizards,0.48,0.52
KXNBAGAME-26FEB20MIAATL-ATL,2026-02-20 19:30:00,Miami Heat,128,Atlanta Hawks,97,Miami Heat,0.56,0.44
KXNBAGAME-26FEB20DALMIN-MIN,2026-02-20 19:30:00,Dallas Mavericks,111,Minnesota Timberwolves,122,Minnesota Timberwolves,0.13,0.87
KXNBAGAME-26FEB20MILNOP-NOP,2026-02-20 20:00:00,Milwaukee Bucks,139,New Orleans Pelicans,118,Milwaukee Bucks,0.38,0.62
KXNBAGAME-26FEB20BKNOKC-OKC,2026-02-20 20:00:00,Brooklyn Nets,86,Oklahoma City Thunder,105,Oklahoma City Thunder,0.09999999999999998,0.9
KXNBAGAME-26FEB20LACLAL-LAL,2026-02-20 22:00:00,Los Angeles Clippers,122,Los Angeles Lakers,125,Los Angeles Lakers,0.31000000000000005,0.69
KXNBAGAME-26FEB20DENPOR-POR,2026-02-20 22:00:00,Denver Nuggets,157,Portland Trail Blazers,103,Denver Nuggets,0.51,0.49
KXNBAGAME-26FEB21ORLPHX-PHX,2026-02-21 17:00:00,Orlando Magic,110,Phoenix Suns,113,Phoenix Suns,0.4,0.6
KXNBAGAME-26FEB21PHINOP-NOP,2026-02-21 19:00:00,Philadelphia 76ers,111,New Orleans Pelicans,126,New Orleans Pelicans,0.6,0.4
KXNBAGAME-26FEB21DETCHI-CHI,2026-02-21 20:00:00,Detroit Pistons,126,Chicago Bulls,110,Detroit Pistons,0.8200000000000001,0.18
KXNBAGAME-26FEB21MEMMIA-MIA,2026-02-21 20:00:00,Memphis Grizzlies,120,Miami Heat,136,Miami Heat,0.17000000000000004,0.83
KXNBAGAME-26FEB21SACSAS-SAS,2026-02-21 20:00:00,Sacramento Kings,122,San Antonio Spurs,139,San Antonio Spurs,0.06999999999999995,0.93
KXNBAGAME-26FEB21HOUNYK-NYK,2026-02-21 20:30:00,Houston Rockets,106,New York Knicks,108,New York Knicks,0.39,0.61
KXNBAGAME-26FEB22CLEOKC-OKC,2026-02-22 13:00:00,Cleveland Cavaliers,113,Oklahoma City Thunder,121,Oklahoma City Thunder,0.6,0.4
KXNBAGAME-26FEB22BKNATL-ATL,2026-02-22 15:30:00,Brooklyn Nets,104,Atlanta Hawks,115,Atlanta Hawks,0.20999999999999996,0.79
KXNBAGAME-26FEB22DENGSW-GSW,2026-02-22 15:30:00,Denver Nuggets,117,Golden State Warriors,128,Golden State Warriors,0.6799999999999999,0.32
KXNBAGAME-26FEB22TORMIL-MIL,2026-02-22 15:30:00,Toronto Raptors,122,Milwaukee Bucks,94,Toronto Raptors,0.61,0.39
KXNBAGAME-26FEB22DALIND-IND,2026-02-22 17:00:00,Dallas Mavericks,134,Indiana Pacers,130,Dallas Mavericks,0.51,0.49
KXNBAGAME-26FEB22CHAWAS-WAS,2026-02-22 18:00:00,Charlotte Hornets,129,Washington Wizards,112,Charlotte Hornets,0.8,0.2
KXNBAGAME-26FEB22BOSLAL-LAL,2026-02-22 18:30:00,Boston Celtics,111,Los Angeles Lakers,89,Boston Celtics,0.43000000000000005,0.57
KXNBAGAME-26FEB22PHIMIN-MIN,2026-02-22 19:00:00,Philadelphia 76ers,135,Minnesota Timberwolves,108,Philadelphia 76ers,0.24,0.76
KXNBAGAME-26FEB22NYKCHI-CHI,2026-02-22 20:00:00,New York Knicks,105,Chicago Bulls,99,New York Knicks,0.77,0.23
KXNBAGAME-26FEB22PORPHX-PHX,2026-02-22 20:00:00,Portland Trail Blazers,92,Phoenix Suns,77,Portland Trail Blazers,0.5900000000000001,0.41
KXNBAGAME-26FEB22ORLLAC-LAC,2026-02-22 21:00:00,Orlando Magic,111,Los Angeles Clippers,109,Orlando Magic,0.37,0.63
KXNBAGAME-26FEB23SASDET-DET,2026-02-23 19:00:00,San Antonio Spurs,114,Detroit Pistons,103,San Antonio Spurs,0.45999999999999996,0.54
KXNBAGAME-26FEB23SACMEM-MEM,2026-02-23 20:00:00,Sacramento Kings,123,Memphis Grizzlies,114,Sacramento Kings,0.43999999999999995,0.56
KXNBAGAME-26FEB23UTAHOU-HOU,2026-02-23 21:30:00,Utah Jazz,105,Houston Rockets,125,Houston Rockets,0.12,0.88
KXNBAGAME-26FEB24PHIIND-IND,2026-02-24 19:00:00,Philadelphia 76ers,135,Indiana Pacers,114,Philadelphia 76ers,0.81,0.19
KXNBAGAME-26FEB24WASATL-ATL,2026-02-24 19:30:00,Washington Wizards,98,Atlanta Hawks,119,Atlanta Hawks,0.14,0.86
KXNBAGAME-26FEB24DALBKN-BKN,2026-02-24 19:30:00,Dallas Mavericks,123,Brooklyn Nets,114,Dallas Mavericks,0.52,0.48
KXNBAGAME-26FEB24NYKCLE-CLE,2026-02-24 19:30:00,New York Knicks,94,Cleveland Cavaliers,109,Cleveland Cavaliers,0.4,0.6
KXNBAGAME-26FEB24OKCTOR-TOR,2026-02-24 19:30:00,Oklahoma City Thunder,116,Toronto Raptors,107,Oklahoma City Thunder,0.49,0.51
KXNBAGAME-26FEB24CHACHI-CHI,2026-02-24 20:00:00,Charlotte Hornets,131,Chicago Bulls,99,Charlotte Hornets,0.74,0.26
KXNBAGAME-26FEB24MIAMIL-MIL,2026-02-24 20:00:00,Miami Heat,117,Milwaukee Bucks,128,Milwaukee Bucks,0.6799999999999999,0.32
KXNBAGAME-26FEB24GSWNOP-NOP,2026-02-24 20:00:00,Golden State Warriors,109,New Orleans Pelicans,113,New Orleans Pelicans,0.52,0.48
KXNBAGAME-26FEB24BOSPHX-PHX,2026-02-24 21:00:00,Boston Celtics,97,Phoenix Suns,81,Boston Celtics,0.6599999999999999,0.34
KXNBAGAME-26FEB24MINPOR-POR,2026-02-24 22:00:00,Minnesota Timberwolves,124,Portland Trail Blazers,121,Minnesota Timberwolves,0.6799999999999999,0.32
KXNBAGAME-26FEB24ORLLAL-LAL,2026-02-24 22:30:00,Orlando Magic,110,Los Angeles Lakers,109,Orlando Magic,0.30000000000000004,0.7
KXNBAGAME-26FEB25OKCDET-DET,2026-02-25 19:30:00,Oklahoma City Thunder,116,Detroit Pistons,124,Detroit Pistons,0.20999999999999996,0.79
KXNBAGAME-26FEB25GSWMEM-MEM,2026-02-25 19:30:00,Golden State Warriors,133,Memphis Grizzlies,112,Golden State Warriors,0.62,0.38
KXNBAGAME-26FEB25SASTOR-TOR,2026-02-25 19:30:00,San Antonio Spurs,110,Toronto Raptors,107,San Antonio Spurs,0.6599999999999999,0.34
KXNBAGAME-26FEB25SACHOU-HOU,2026-02-25 20:00:00,Sacramento Kings,97,Houston Rockets,128,Houston Rockets,0.12,0.88
KXNBAGAME-26FEB25CLEMIL-MIL,2026-02-25 20:00:00,Cleveland Cavaliers,116,Milwaukee Bucks,118,Milwaukee Bucks,0.5700000000000001,0.43
KXNBAGAME-26FEB25BOSDEN-DEN,2026-02-25 22:00:00,Boston Celtics,84,Denver Nuggets,103,Denver Nuggets,0.42000000000000004,0.58
KXNBAGAME-26FEB26CHAIND-IND,2026-02-26 19:00:00,Charlotte Hornets,133,Indiana Pacers,109,Charlotte Hornets,0.83,0.17
KXNBAGAME-26FEB26MIAPHI-PHI,2026-02-26 19:00:00,Miami Heat,117,Philadelphia 76ers,124,Philadelphia 76ers,0.43999999999999995,0.56
KXNBAGAME-26FEB26WASATL-ATL,2026-02-26 19:30:00,Washington Wizards,96,Atlanta Hawks,126,Atlanta Hawks,0.18000000000000005,0.82
KXNBAGAME-26FEB26SASBKN-BKN,2026-02-26 19:30:00,San Antonio Spurs,126,Brooklyn Nets,110,San Antonio Spurs,0.8200000000000001,0.18
KXNBAGAME-26FEB26HOUORL-ORL,2026-02-26 19:30:00,Houston Rockets,113,Orlando Magic,108,Houston Rockets,0.56,0.44
KXNBAGAME-26FEB26PORCHI-CHI,2026-02-26 20:00:00,Portland Trail Blazers,121,Chicago Bulls,112,Portland Trail Blazers,0.5900000000000001,0.41
KXNBAGAME-26FEB26SACDAL-DAL,2026-02-26 20:30:00,Sacramento Kings,130,Dallas Mavericks,121,Sacramento Kings,0.26,0.74
KXNBAGAME-26FEB26LALPHX-PHX,2026-02-26 21:00:00,Los Angeles Lakers,110,Phoenix Suns,113,Phoenix Suns,0.6599999999999999,0.34
KXNBAGAME-26FEB26NOPUTA-UTA,2026-02-26 21:00:00,New Orleans Pelicans,129,Utah Jazz,118,New Orleans Pelicans,0.6699999999999999,0.33
KXNBAGAME-26FEB26MINLAC-LAC,2026-02-26 22:00:00,Minnesota Timberwolves,94,Los Angeles Clippers,88,Minnesota Timberwolves,0.75,0.25
KXNBAGAME-26FEB27CLEDET-DET,2026-02-27 19:00:00,Cleveland Cavaliers,119,Detroit Pistons,122,Detroit Pistons,0.24,0.76
KXNBAGAME-26FEB27BKNBOS-BOS,2026-02-27 19:30:00,Brooklyn Nets,111,Boston Celtics,148,Boston Celtics,0.08999999999999997,0.91
KXNBAGAME-26FEB27NYKMIL-MIL,2026-02-27 20:00:00,New York Knicks,127,Milwaukee Bucks,98,New York Knicks,0.73,0.27
KXNBAGAME-26FEB27MEMDAL-DAL,2026-02-27 20:30:00,Memphis Grizzlies,124,Dallas Mavericks,105,Memphis Grizzlies,0.35,0.65
KXNBAGAME-26FEB27DENOKC-OKC,2026-02-27 21:30:00,Denver Nuggets,121,Oklahoma City Thunder,127,Oklahoma City Thunder,0.30000000000000004,0.7
KXNBAGAME-26FEB28PORCHA-CHA,2026-02-28 13:00:00,Portland Trail Blazers,93,Charlotte Hornets,109,Charlotte Hornets,0.29000000000000004,0.71
KXNBAGAME-26FEB28HOUMIA-MIA,2026-02-28 15:30:00,Houston Rockets,105,Miami Heat,115,Miami Heat,0.55,0.45
KXNBAGAME-26FEB28TORWAS-WAS,2026-02-28 19:00:00,Toronto Raptors,134,Washington Wizards,125,Toronto Raptors,0.87,0.13
KXNBAGAME-26FEB28LALGSW-GSW,2026-02-28 20:30:00,Los Angeles Lakers,129,Golden State Warriors,101,Los Angeles Lakers,0.6,0.4
KXNBAGAME-26FEB28NOPUTA-UTA,2026-02-28 21:30:00,New Orleans Pelicans,115,Utah Jazz,105,New Orleans Pelicans,0.6599999999999999,0.34
KXNBAGAME-26MAR01SASNYK-NYK,2026-03-01 13:00:00,San Antonio Spurs,89,New York Knicks,114,New York Knicks,0.51,0.49
KXNBAGAME-26MAR01CLEBKN-BKN,2026-03-01 15:30:00,Cleveland Cavaliers,106,Brooklyn Nets,102,Cleveland Cavaliers,0.83,0.17
KXNBAGAME-26MAR01MILCHI-CHI,2026-03-01 15:30:00,Milwaukee Bucks,97,Chicago Bulls,120,Chicago Bulls,0.55,0.45
KXNBAGAME-26MAR01MINDEN-DEN,2026-03-01 15:30:00,Minnesota Timberwolves,117,Denver Nuggets,108,Minnesota Timberwolves,0.43000000000000005,0.57
KXNBAGAME-26MAR01MEMIND-IND,2026-03-01 17:00:00,Memphis Grizzlies,125,Indiana Pacers,106,Memphis Grizzlies,0.5,0.5
KXNBAGAME-26MAR01PORATL-ATL,2026-03-01 18:00:00,Portland Trail Blazers,101,Atlanta Hawks,135,Atlanta Hawks,0.31999999999999995,0.68
KXNBAGAME-26MAR01DETORL-ORL,2026-03-01 18:00:00,Detroit Pistons,106,Orlando Magic,92,Detroit Pistons,0.6599999999999999,0.34
KXNBAGAME-26MAR01PHIBOS-BOS,2026-03-01 20:00:00,Philadelphia 76ers,98,Boston Celtics,114,Boston Celtics,0.24,0.76
KXNBAGAME-26MAR01OKCDAL-DAL,2026-03-01 20:00:00,Oklahoma City Thunder,100,Dallas Mavericks,87,Oklahoma City Thunder,0.9,0.1
KXNBAGAME-26MAR01NOPLAC-LAC,2026-03-01 21:00:00,New Orleans Pelicans,117,Los Angeles Clippers,137,Los Angeles Clippers,0.25,0.75
KXNBAGAME-26MAR01SACLAL-LAL,2026-03-01 21:30:00,Sacramento Kings,104,Los Angeles Lakers,128,Los Angeles Lakers,0.13,0.87
KXNBAGAME-26MAR02HOUWAS-WAS,2026-03-02 19:00:00,Houston Rockets,123,Washington Wizards,118,Houston Rockets,0.89,0.11
KXNBAGAME-26MAR02BOSMIL-MIL,2026-03-02 19:30:00,Boston Celtics,108,Milwaukee Bucks,81,Boston Celtics,0.56,0.44
KXNBAGAME-26MAR02DENUTA-UTA,2026-03-02 21:00:00,Denver Nuggets,128,Utah Jazz,125,Denver Nuggets,0.83,0.17
KXNBAGAME-26MAR02LACGSW-GSW,2026-03-02 22:00:00,Los Angeles Clippers,114,Golden State Warriors,101,Los Angeles Clippers,0.51,0.49
KXNBAGAME-26MAR03DALCHA-CHA,2026-03-03 19:00:00,Dallas Mavericks,90,Charlotte Hornets,117,Charlotte Hornets,0.14,0.86
KXNBAGAME-26MAR03DETCLE-CLE,2026-03-03 19:00:00,Detroit Pistons,109,Cleveland Cavaliers,113,Cleveland Cavaliers,0.5700000000000001,0.43
KXNBAGAME-26MAR03WASORL-ORL,2026-03-03 19:00:00,Washington Wizards,109,Orlando Magic,126,Orlando Magic,0.08999999999999997,0.91
KXNBAGAME-26MAR03BKNMIA-MIA,2026-03-03 19:30:00,Brooklyn Nets,98,Miami Heat,124,Miami Heat,0.15000000000000002,0.85
KXNBAGAME-26MAR03NYKTOR-TOR,2026-03-03 19:30:00,New York Knicks,111,Toronto Raptors,95,New York Knicks,0.56,0.44
KXNBAGAME-26MAR03OKCCHI-CHI,2026-03-03 20:00:00,Oklahoma City Thunder,116,Chicago Bulls,108,Oklahoma City Thunder,0.77,0.23
KXNBAGAME-26MAR03MEMMIN-MIN,2026-03-03 20:00:00,Memphis Grizzlies,110,Minnesota Timberwolves,117,Minnesota Timberwolves,0.13,0.87
KXNBAGAME-26MAR03SASPHI-PHI,2026-03-03 20:00:00,San Antonio Spurs,131,Philadelphia 76ers,91,San Antonio Spurs,0.73,0.27
KXNBAGAME-26MAR03NOPLAL-LAL,2026-03-03 22:30:00,New Orleans Pelicans,101,Los Angeles Lakers,110,Los Angeles Lakers,0.25,0.75
KXNBAGAME-26MAR03PHXSAC-SAC,2026-03-03 23:00:00,Phoenix Suns,114,Sacramento Kings,103,Phoenix Suns,0.77,0.23
KXNBAGAME-26MAR04OKCNYK-NYK,2026-03-04 19:00:00,Oklahoma City Thunder,103,New York Knicks,100,Oklahoma City Thunder,0.6,0.4
KXNBAGAME-26MAR04CHABOS-BOS,2026-03-04 19:30:00,Charlotte Hornets,118,Boston Celtics,89,Charlotte Hornets,0.30000000000000004,0.7
KXNBAGAME-26MAR04UTAPHI-PHI,2026-03-04 19:30:00,Utah Jazz,102,Philadelphia 76ers,106,Philadelphia 76ers,0.26,0.74
KXNBAGAME-26MAR04PORMEM-MEM,2026-03-04 20:00:00,Portland Trail Blazers,122,Memphis Grizzlies,114,Portland Trail Blazers,0.77,0.23
KXNBAGAME-26MAR04ATLMIL-MIL,2026-03-04 21:30:00,Atlanta Hawks,131,Milwaukee Bucks,113,Atlanta Hawks,0.5,0.5
KXNBAGAME-26MAR04INDLAC-LAC,2026-03-04 22:30:00,Indiana Pacers,107,Los Angeles Clippers,130,Los Angeles Clippers,0.16000000000000003,0.84
KXNBAGAME-26MAR05DALORL-ORL,2026-03-05 19:00:00,Dallas Mavericks,114,Orlando Magic,115,Orlando Magic,0.24,0.76
KXNBAGAME-26MAR05UTAWAS-WAS,2026-03-05 19:00:00,Utah Jazz,122,Washington Wizards,112,Utah Jazz,0.38,0.62
KXNBAGAME-26MAR05GSWHOU-HOU,2026-03-05 19:30:00,Golden State Warriors,115,Houston Rockets,113,Golden State Warriors,0.19999999999999996,0.8
KXNBAGAME-26MAR05BKNMIA-MIA,2026-03-05 19:30:00,Brooklyn Nets,110,Miami Heat,126,Miami Heat,0.13,0.87
KXNBAGAME-26MAR05TORMIN-MIN,2026-03-05 20:00:00,Toronto Raptors,107,Minnesota Timberwolves,115,Minnesota Timberwolves,0.35,0.65
KXNBAGAME-26MAR05DETSAS-SAS,2026-03-05 20:00:00,Detroit Pistons,106,San Antonio Spurs,121,San Antonio Spurs,0.42000000000000004,0.58
KXNBAGAME-26MAR05CHIPHX-PHX,2026-03-05 21:00:00,Chicago Bulls,105,Phoenix Suns,103,Chicago Bulls,0.16000000000000003,0.84
KXNBAGAME-26MAR05LALDEN-DEN,2026-03-05 22:00:00,Los Angeles Lakers,113,Denver Nuggets,120,Denver Nuggets,0.39,0.61
KXNBAGAME-26MAR05NOPSAC-SAC,2026-03-05 22:00:00,New Orleans Pelicans,133,Sacramento Kings,123,New Orleans Pelicans,0.69,0.31
KXNBAGAME-26MAR06DALBOS-BOS,2026-03-06 19:00:00,Dallas Mavericks,100,Boston Celtics,120,Boston Celtics,0.10999999999999999,0.89
KXNBAGAME-26MAR06MIACHA-CHA,2026-03-06 19:00:00,Miami Heat,128,Charlotte Hornets,120,Miami Heat,0.28,0.72
KXNBAGAME-26MAR06PORHOU-HOU,2026-03-06 20:00:00,Portland Trail Blazers,99,Houston Rockets,106,Houston Rockets,0.28,0.72
KXNBAGAME-26MAR06NYKDEN-DEN,2026-03-06 21:00:00,New York Knicks,142,Denver Nuggets,103,New York Knicks,0.47,0.53
KXNBAGAME-26MAR06NOPPHX-PHX,2026-03-06 21:00:00,New Orleans Pelicans,116,Phoenix Suns,118,Phoenix Suns,0.37,0.63
KXNBAGAME-26MAR06LACSAS-SAS,2026-03-06 21:30:00,Los Angeles Clippers,112,San Antonio Spurs,116,San Antonio Spurs,0.27,0.73
KXNBAGAME-26MAR06INDLAL-LAL,2026-03-06 22:30:00,Indiana Pacers,117,Los Angeles Lakers,128,Los Angeles Lakers,0.20999999999999996,0.79
KXNBAGAME-26MAR07ORLMIN-MIN,2026-03-07 15:00:00,Orlando Magic,119,Minnesota Timberwolves,92,Orlando Magic,0.29000000000000004,0.71
KXNBAGAME-26MAR07PHIATL-ATL,2026-03-07 18:00:00,Philadelphia 76ers,116,Atlanta Hawks,125,Atlanta Hawks,0.29000000000000004,0.71
KXNBAGAME-26MAR07BKNDET-DET,2026-03-07 18:00:00,Brooklyn Nets,107,Detroit Pistons,105,Brooklyn Nets,0.13,0.87
KXNBAGAME-26MAR07LACMEM-MEM,2026-03-07 20:00:00,Los Angeles Clippers,123,Memphis Grizzlies,120,Los Angeles Clippers,0.72,0.28
KXNBAGAME-26MAR07UTAMIL-MIL,2026-03-07 20:00:00,Utah Jazz,99,Milwaukee Bucks,113,Milwaukee Bucks,0.19999999999999996,0.8
KXNBAGAME-26MAR07GSWOKC-OKC,2026-03-07 20:30:00,Golden State Warriors,97,Oklahoma City Thunder,104,Oklahoma City Thunder,0.16000000000000003,0.84
KXNBAGAME-26MAR08BOSCLE-CLE,2026-03-08 13:00:00,Boston Celtics,109,Cleveland Cavaliers,98,Boston Celtics,0.47,0.53
KXNBAGAME-26MAR08NYKLAL-LAL,2026-03-08 15:30:00,New York Knicks,97,Los Angeles Lakers,110,Los Angeles Lakers,0.63,0.37
KXNBAGAME-26MAR08DETMIA-MIA,2026-03-08 18:00:00,Detroit Pistons,110,Miami Heat,121,Miami Heat,0.5,0.5
KXNBAGAME-26MAR08DALTOR-TOR,2026-03-08 18:00:00,Dallas Mavericks,92,Toronto Raptors,122,Toronto Raptors,0.20999999999999996,0.79
KXNBAGAME-26MAR08WASNOP-NOP,2026-03-08 19:00:00,Washington Wizards,118,New Orleans Pelicans,138,New Orleans Pelicans,0.18000000000000005,0.82
KXNBAGAME-26MAR08ORLMIL-MIL,2026-03-08 20:00:00,Orlando Magic,130,Milwaukee Bucks,91,Orlando Magic,0.65,0.35
KXNBAGAME-26MAR08HOUSAS-SAS,2026-03-08 20:00:00,Houston Rockets,120,San Antonio Spurs,145,San Antonio Spurs,0.31999999999999995,0.68
KXNBAGAME-26MAR08INDPOR-POR,2026-03-08 21:00:00,Indiana Pacers,111,Portland Trail Blazers,131,Portland Trail Blazers,0.20999999999999996,0.79
KXNBAGAME-26MAR08CHISAC-SAC,2026-03-08 21:00:00,Chicago Bulls,110,Sacramento Kings,126,Sacramento Kings,0.63,0.37
KXNBAGAME-26MAR08CHAPHX-PHX,2026-03-08 22:00:00,Charlotte Hornets,99,Phoenix Suns,111,Phoenix Suns,0.63,0.37
KXNBAGAME-26MAR09PHICLE-CLE,2026-03-09 19:00:00,Philadelphia 76ers,101,Cleveland Cavaliers,115,Cleveland Cavaliers,0.12,0.88
KXNBAGAME-26MAR09MEMBKN-BKN,2026-03-09 19:30:00,Memphis Grizzlies,115,Brooklyn Nets,126,Brooklyn Nets,0.47,0.53
KXNBAGAME-26MAR09DENOKC-OKC,2026-03-09 19:30:00,Denver Nuggets,126,Oklahoma City Thunder,129,Oklahoma City Thunder,0.43000000000000005,0.57
KXNBAGAME-26MAR09GSWUTA-UTA,2026-03-09 21:00:00,Golden State Warriors,116,Utah Jazz,119,Utah Jazz,0.7,0.3
KXNBAGAME-26MAR09NYKLAC-LAC,2026-03-09 22:00:00,New York Knicks,118,Los Angeles Clippers,126,Los Angeles Clippers,0.52,0.48
KXNBAGAME-26MAR10MEMPHI-PHI,2026-03-10 19:00:00,Memphis Grizzlies,129,Philadelphia 76ers,139,Philadelphia 76ers,0.37,0.63
KXNBAGAME-26MAR10DALATL-ATL,2026-03-10 19:30:00,Dallas Mavericks,112,Atlanta Hawks,124,Atlanta Hawks,0.20999999999999996,0.79
KXNBAGAME-26MAR10DETBKN-BKN,2026-03-10 19:30:00,Detroit Pistons,138,Brooklyn Nets,100,Detroit Pistons,0.9,0.1
KXNBAGAME-26MAR10WASMIA-MIA,2026-03-10 19:30:00,Washington Wizards,129,Miami Heat,150,Miami Heat,0.08999999999999997,0.91
KXNBAGAME-26MAR10TORHOU-HOU,2026-03-10 20:00:00,Toronto Raptors,99,Houston Rockets,113,Houston Rockets,0.36,0.64
KXNBAGAME-26MAR10PHXMIL-MIL,2026-03-10 20:00:00,Phoenix Suns,129,Milwaukee Bucks,114,Phoenix Suns,0.54,0.46
KXNBAGAME-26MAR10BOSSAS-SAS,2026-03-10 20:00:00,Boston Celtics,116,San Antonio Spurs,125,San Antonio Spurs,0.41000000000000003,0.59
KXNBAGAME-26MAR10CHIGSW-GSW,2026-03-10 22:00:00,Chicago Bulls,130,Golden State Warriors,124,Chicago Bulls,0.32999999999999996,0.67
KXNBAGAME-26MAR10CHAPOR-POR,2026-03-10 22:00:00,Charlotte Hornets,103,Portland Trail Blazers,101,Charlotte Hornets,0.5700000000000001,0.43
KXNBAGAME-26MAR10INDSAC-SAC,2026-03-10 22:00:00,Indiana Pacers,109,Sacramento Kings,114,Sacramento Kings,0.41000000000000003,0.59
KXNBAGAME-26MAR10MINLAL-LAL,2026-03-10 23:00:00,Minnesota Timberwolves,106,Los Angeles Lakers,120,Los Angeles Lakers,0.56,0.44
KXNBAGAME-26MAR11CLEORL-ORL,2026-03-11 19:30:00,Cleveland Cavaliers,122,Orlando Magic,128,Orlando Magic,0.6,0.4
KXNBAGAME-26MAR11TORNOP-NOP,2026-03-11 20:00:00,Toronto Raptors,111,New Orleans Pelicans,122,New Orleans Pelicans,0.55,0.45
KXNBAGAME-26MAR11NYKUTA-UTA,2026-03-11 21:00:00,New York Knicks,134,Utah Jazz,117,New York Knicks,0.88,0.12
KXNBAGAME-26MAR11HOUDEN-DEN,2026-03-11 22:00:00,Houston Rockets,93,Denver Nuggets,129,Denver Nuggets,0.30000000000000004,0.7
KXNBAGAME-26MAR11CHASAC-SAC,2026-03-11 22:00:00,Charlotte Hornets,117,Sacramento Kings,109,Charlotte Hornets,0.88,0.12
KXNBAGAME-26MAR11MINLAC-LAC,2026-03-11 22:30:00,Minnesota Timberwolves,128,Los Angeles Clippers,153,Los Angeles Clippers,0.44999999999999996,0.55
KXNBAGAME-26MAR12PHIDET-DET,2026-03-12 19:00:00,Philadelphia 76ers,109,Detroit Pistons,131,Detroit Pistons,0.09999999999999998,0.9
KXNBAGAME-26MAR12PHXIND-IND,2026-03-12 19:00:00,Phoenix Suns,123,Indiana Pacers,108,Phoenix Suns,0.79,0.21
KXNBAGAME-26MAR12WASORL-ORL,2026-03-12 19:00:00,Washington Wizards,131,Orlando Magic,136,Orlando Magic,0.09999999999999998,0.9
KXNBAGAME-26MAR12BKNATL-ATL,2026-03-12 19:30:00,Brooklyn Nets,97,Atlanta Hawks,108,Atlanta Hawks,0.07999999999999996,0.92
KXNBAGAME-26MAR12MILMIA-MIA,2026-03-12 19:30:00,Milwaukee Bucks,105,Miami Heat,112,Miami Heat,0.31999999999999995,0.68
KXNBAGAME-26MAR12DALMEM-MEM,2026-03-12 20:00:00,Dallas Mavericks,120,Memphis Grizzlies,112,Dallas Mavericks,0.65,0.35
KXNBAGAME-26MAR12DENSAS-SAS,2026-03-12 21:00:00,Denver Nuggets,136,San Antonio Spurs,131,Denver Nuggets,0.42000000000000004,0.58
KXNBAGAME-26MAR12BOSOKC-OKC,2026-03-12 21:30:00,Boston Celtics,102,Oklahoma City Thunder,104,Oklahoma City Thunder,0.24,0.76
KXNBAGAME-26MAR12CHILAL-LAL,2026-03-12 22:30:00,Chicago Bulls,130,Los Angeles Lakers,142,Los Angeles Lakers,0.17000000000000004,0.83
KXNBAGAME-26MAR13CLEDAL-DAL,2026-03-13 19:30:00,Cleveland Cavaliers,138,Dallas Mavericks,105,Cleveland Cavaliers,0.85,0.15
KXNBAGAME-26MAR13MEMDET-DET,2026-03-13 19:30:00,Memphis Grizzlies,110,Detroit Pistons,126,Detroit Pistons,0.07999999999999996,0.92
KXNBAGAME-26MAR13NYKIND-IND,2026-03-13 19:30:00,New York Knicks,101,Indiana Pacers,92,New York Knicks,0.85,0.15
KXNBAGAME-26MAR13PHXTOR-TOR,2026-03-13 19:30:00,Phoenix Suns,115,Toronto Raptors,122,Toronto Raptors,0.35,0.65
KXNBAGAME-26MAR13NOPHOU-HOU,2026-03-13 20:00:00,New Orleans Pelicans,105,Houston Rockets,107,Houston Rockets,0.31000000000000005,0.69
KXNBAGAME-26MAR13MINGSW-GSW,2026-03-13 22:00:00,Minnesota Timberwolves,127,Golden State Warriors,117,Minnesota Timberwolves,0.65,0.35
KXNBAGAME-26MAR13UTAPOR-POR,2026-03-13 22:00:00,Utah Jazz,114,Portland Trail Blazers,124,Portland Trail Blazers,0.08999999999999997,0.91
KXNBAGAME-26MAR13CHILAC-LAC,2026-03-13 22:30:00,Chicago Bulls,108,Los Angeles Clippers,119,Los Angeles Clippers,0.13,0.87
KXNBAGAME-26MAR14BKNPHI-PHI,2026-03-14 13:00:00,Brooklyn Nets,97,Philadelphia 76ers,104,Philadelphia 76ers,0.21999999999999997,0.78
KXNBAGAME-26MAR14MILATL-ATL,2026-03-14 15:00:00,Milwaukee Bucks,99,Atlanta Hawks,122,Atlanta Hawks,0.18000000000000005,0.82
KXNBAGAME-26MAR14CHASAS-SAS,2026-03-14 15:30:00,Charlotte Hornets,102,San Antonio Spurs,115,San Antonio Spurs,0.30000000000000004,0.7
KXNBAGAME-26MAR14WASBOS-BOS,2026-03-14 18:00:00,Washington Wizards,100,Boston Celtics,111,Boston Celtics,0.040000000000000036,0.96
KXNBAGAME-26MAR14ORLMIA-MIA,2026-03-14 20:00:00,Orlando Magic,121,Miami Heat,117,Orlando Magic,0.37,0.63
KXNBAGAME-26MAR14DENLAL-LAL,2026-03-14 20:30:00,Denver Nuggets,125,Los Angeles Lakers,127,Los Angeles Lakers,0.53,0.47
KXNBAGAME-26MAR14SACLAC-LAC,2026-03-14 22:30:00,Sacramento Kings,118,Los Angeles Clippers,109,Sacramento Kings,0.10999999999999999,0.89
KXNBAGAME-26MAR15MINOKC-OKC,2026-03-15 13:00:00,Minnesota Timberwolves,103,Oklahoma City Thunder,116,Oklahoma City Thunder,0.21999999999999997,0.78
KXNBAGAME-26MAR15DALCLE-CLE,2026-03-15 15:30:00,Dallas Mavericks,130,Cleveland Cavaliers,120,Dallas Mavericks,0.09999999999999998,0.9
KXNBAGAME-26MAR15INDMIL-MIL,2026-03-15 15:30:00,Indiana Pacers,123,Milwaukee Bucks,134,Milwaukee Bucks,0.26,0.74
KXNBAGAME-26MAR15DETTOR-TOR,2026-03-15 15:30:00,Detroit Pistons,108,Toronto Raptors,119,Toronto Raptors,0.5800000000000001,0.42
KXNBAGAME-26MAR15PORPHI-PHI,2026-03-15 18:00:00,Portland Trail Blazers,103,Philadelphia 76ers,109,Philadelphia 76ers,0.74,0.26
KXNBAGAME-26MAR15GSWNYK-NYK,2026-03-15 20:00:00,Golden State Warriors,107,New York Knicks,110,New York Knicks,0.10999999999999999,0.89
KXNBAGAME-26MAR15UTASAC-SAC,2026-03-15 22:00:00,Utah Jazz,111,Sacramento Kings,116,Sacramento Kings,0.4,0.6
KXNBAGAME-26MAR16ORLATL-ATL,2026-03-16 19:00:00,Orlando Magic,112,Atlanta Hawks,124,Atlanta Hawks,0.41000000000000003,0.59
KXNBAGAME-26MAR16GSWWAS-WAS,2026-03-16 19:00:00,Golden State Warriors,125,Washington Wizards,117,Golden State Warriors,0.73,0.27
KXNBAGAME-26MAR16PHXBOS-BOS,2026-03-16 19:30:00,Phoenix Suns,112,Boston Celtics,120,Boston Celtics,0.21999999999999997,0.78
KXNBAGAME-26MAR16PORBKN-BKN,2026-03-16 19:30:00,Portland Trail Blazers,114,Brooklyn Nets,95,Portland Trail Blazers,0.81,0.19
KXNBAGAME-26MAR16MEMCHI-CHI,2026-03-16 20:00:00,Memphis Grizzlies,107,Chicago Bulls,132,Chicago Bulls,0.28,0.72
KXNBAGAME-26MAR16DALNOP-NOP,2026-03-16 20:00:00,Dallas Mavericks,111,New Orleans Pelicans,129,New Orleans Pelicans,0.25,0.75
KXNBAGAME-26MAR16LALHOU-HOU,2026-03-16 21:30:00,Los Angeles Lakers,100,Houston Rockets,92,Los Angeles Lakers,0.51,0.49
KXNBAGAME-26MAR16SASLAC-LAC,2026-03-16 22:00:00,San Antonio Spurs,119,Los Angeles Clippers,115,San Antonio Spurs,0.75,0.25
KXNBAGAME-26MAR17MIACHA-CHA,2026-03-17 19:00:00,Miami Heat,106,Charlotte Hornets,136,Charlotte Hornets,0.35,0.65
KXNBAGAME-26MAR17OKCORL-ORL,2026-03-17 19:00:00,Oklahoma City Thunder,113,Orlando Magic,108,Oklahoma City Thunder,0.79,0.21
KXNBAGAME-26MAR17DETWAS-WAS,2026-03-17 19:00:00,Detroit Pistons,130,Washington Wizards,117,Detroit Pistons,0.94,0.06
KXNBAGAME-26MAR17INDNYK-NYK,2026-03-17 19:30:00,Indiana Pacers,110,New York Knicks,136,New York Knicks,0.12,0.88
KXNBAGAME-26MAR17CLEMIL-MIL,2026-03-17 20:00:00,Cleveland Cavaliers,123,Milwaukee Bucks,116,Cleveland Cavaliers,0.83,0.17
KXNBAGAME-26MAR17PHXMIN-MIN,2026-03-17 20:00:00,Phoenix Suns,104,Minnesota Timberwolves,116,Minnesota Timberwolves,0.41000000000000003,0.59
KXNBAGAME-26MAR17PHIDEN-DEN,2026-03-17 22:00:00,Philadelphia 76ers,96,Denver Nuggets,124,Denver Nuggets,0.08999999999999997,0.91
KXNBAGAME-26MAR17SASSAC-SAC,2026-03-17 22:00:00,San Antonio Spurs,132,Sacramento Kings,104,San Antonio Spurs,0.87,0.13
KXNBAGAME-26MAR18GSWBOS-BOS,2026-03-18 19:00:00,Golden State Warriors,99,Boston Celtics,120,Boston Celtics,0.15000000000000002,0.85
KXNBAGAME-26MAR18OKCBKN-BKN,2026-03-18 19:30:00,Oklahoma City Thunder,121,Brooklyn Nets,92,Oklahoma City Thunder,0.96,0.04
KXNBAGAME-26MAR18PORIND-IND,2026-03-18 19:30:00,Portland Trail Blazers,127,Indiana Pacers,119,Portland Trail Blazers,0.85,0.15
KXNBAGAME-26MAR18TORCHI-CHI,2026-03-18 20:00:00,Toronto Raptors,139,Chicago Bulls,109,Toronto Raptors,0.73,0.27
KXNBAGAME-26MAR18UTAMIN-MIN,2026-03-18 20:00:00,Utah Jazz,111,Minnesota Timberwolves,147,Minnesota Timberwolves,0.12,0.88
KXNBAGAME-26MAR18LACNOP-NOP,2026-03-18 20:00:00,Los Angeles Clippers,109,New Orleans Pelicans,124,New Orleans Pelicans,0.54,0.46
KXNBAGAME-26MAR18ATLDAL-DAL,2026-03-18 20:30:00,Atlanta Hawks,135,Dallas Mavericks,120,Atlanta Hawks,0.74,0.26
KXNBAGAME-26MAR18DENMEM-MEM,2026-03-18 20:30:00,Denver Nuggets,118,Memphis Grizzlies,125,Memphis Grizzlies,0.87,0.13
KXNBAGAME-26MAR18LALHOU-HOU,2026-03-18 21:30:00,Los Angeles Lakers,124,Houston Rockets,116,Los Angeles Lakers,0.44999999999999996,0.55
KXNBAGAME-26MAR19ORLCHA-CHA,2026-03-19 19:00:00,Orlando Magic,111,Charlotte Hornets,130,Charlotte Hornets,0.31999999999999995,0.68
KXNBAGAME-26MAR19DETWAS-WAS,2026-03-19 19:00:00,Detroit Pistons,117,Washington Wizards,95,Detroit Pistons,0.89,0.11
KXNBAGAME-26MAR19CLECHI-CHI,2026-03-19 20:00:00,Cleveland Cavaliers,115,Chicago Bulls,110,Cleveland Cavaliers,0.8,0.2
KXNBAGAME-26MAR19LALMIA-MIA,2026-03-19 20:00:00,Los Angeles Lakers,134,Miami Heat,126,Los Angeles Lakers,0.42000000000000004,0.58
KXNBAGAME-26MAR19LACNOP-NOP,2026-03-19 20:00:00,Los Angeles Clippers,99,New Orleans Pelicans,105,New Orleans Pelicans,0.39,0.61
KXNBAGAME-26MAR19PHXSAS-SAS,2026-03-19 20:00:00,Phoenix Suns,100,San Antonio Spurs,101,San Antonio Spurs,0.18999999999999995,0.81
KXNBAGAME-26MAR19MILUTA-UTA,2026-03-19 21:00:00,Milwaukee Bucks,96,Utah Jazz,128,Utah Jazz,0.6799999999999999,0.32
KXNBAGAME-26MAR19PHISAC-SAC,2026-03-19 22:00:00,Philadelphia 76ers,139,Sacramento Kings,118,Philadelphia 76ers,0.56,0.44
KXNBAGAME-26MAR20NYKBKN-BKN,2026-03-20 19:30:00,New York Knicks,93,Brooklyn Nets,92,New York Knicks,0.9299999999999999,0.07
KXNBAGAME-26MAR20GSWDET-DET,2026-03-20 19:30:00,Golden State Warriors,101,Detroit Pistons,115,Detroit Pistons,0.31000000000000005,0.69
KXNBAGAME-26MAR20ATLHOU-HOU,2026-03-20 20:00:00,Atlanta Hawks,95,Houston Rockets,117,Houston Rockets,0.4,0.6
KXNBAGAME-26MAR20BOSMEM-MEM,2026-03-20 20:00:00,Boston Celtics,117,Memphis Grizzlies,112,Boston Celtics,0.9,0.1
KXNBAGAME-26MAR20PORMIN-MIN,2026-03-20 20:00:00,Portland Trail Blazers,108,Minnesota Timberwolves,104,Portland Trail Blazers,0.49,0.51
KXNBAGAME-26MAR20TORDEN-DEN,2026-03-20 21:00:00,Toronto Raptors,115,Denver Nuggets,121,Denver Nuggets,0.29000000000000004,0.71
KXNBAGAME-26MAR21OKCWAS-WAS,2026-03-21 17:00:00,Oklahoma City Thunder,132,Washington Wizards,111,Oklahoma City Thunder,0.96,0.04
KXNBAGAME-26MAR21MEMCHA-CHA,2026-03-21 19:00:00,Memphis Grizzlies,101,Charlotte Hornets,124,Charlotte Hornets,0.06999999999999995,0.93
KXNBAGAME-26MAR21CLENOP-NOP,2026-03-21 19:00:00,Cleveland Cavaliers,111,New Orleans Pelicans,106,Cleveland Cavaliers,0.64,0.36
KXNBAGAME-26MAR21LALORL-ORL,2026-03-21 19:00:00,Los Angeles Lakers,105,Orlando Magic,104,Los Angeles Lakers,0.5800000000000001,0.42
KXNBAGAME-26MAR21GSWATL-ATL,2026-03-21 20:00:00,Golden State Warriors,110,Atlanta Hawks,126,Atlanta Hawks,0.26,0.74
KXNBAGAME-26MAR21MIAHOU-HOU,2026-03-21 20:00:00,Miami Heat,122,Houston Rockets,123,Houston Rockets,0.43999999999999995,0.56
KXNBAGAME-26MAR21INDSAS-SAS,2026-03-21 20:00:00,Indiana Pacers,119,San Antonio Spurs,134,San Antonio Spurs,0.07999999999999996,0.92
KXNBAGAME-26MAR21LACDAL-DAL,2026-03-21 20:30:00,Los Angeles Clippers,138,Dallas Mavericks,131,Los Angeles Clippers,0.7,0.3
KXNBAGAME-26MAR21PHIUTA-UTA,2026-03-21 21:30:00,Philadelphia 76ers,126,Utah Jazz,116,Philadelphia 76ers,0.6799999999999999,0.32
KXNBAGAME-26MAR21MILPHX-PHX,2026-03-21 22:00:00,Milwaukee Bucks,108,Phoenix Suns,105,Milwaukee Bucks,0.16000000000000003,0.84
KXNBAGAME-26MAR22PORDEN-DEN,2026-03-22 17:00:00,Portland Trail Blazers,112,Denver Nuggets,128,Denver Nuggets,0.22999999999999998,0.77
KXNBAGAME-26MAR22BKNSAC-SAC,2026-03-22 18:00:00,Brooklyn Nets,122,Sacramento Kings,126,Sacramento Kings,0.30000000000000004,0.7
KXNBAGAME-26MAR22WASNYK-NYK,2026-03-22 19:30:00,Washington Wizards,113,New York Knicks,145,New York Knicks,0.040000000000000036,0.96
KXNBAGAME-26MAR22MINBOS-BOS,2026-03-22 20:00:00,Minnesota Timberwolves,102,Boston Celtics,92,Minnesota Timberwolves,0.19999999999999996,0.8
KXNBAGAME-26MAR22TORPHX-PHX,2026-03-22 21:00:00,Toronto Raptors,98,Phoenix Suns,120,Phoenix Suns,0.61,0.39
KXNBAGAME-26MAR23LALDET-DET,2026-03-23 19:00:00,Los Angeles Lakers,110,Detroit Pistons,113,Detroit Pistons,0.52,0.48
KXNBAGAME-26MAR23SASMIA-MIA,2026-03-23 19:00:00,San Antonio Spurs,136,Miami Heat,111,San Antonio Spurs,0.6,0.4
KXNBAGAME-26MAR23INDORL-ORL,2026-03-23 19:00:00,Indiana Pacers,128,Orlando Magic,126,Indiana Pacers,0.17000000000000004,0.83
KXNBAGAME-26MAR23OKCPHI-PHI,2026-03-23 19:00:00,Oklahoma City Thunder,123,Philadelphia 76ers,103,Oklahoma City Thunder,0.91,0.09
KXNBAGAME-26MAR23MEMATL-ATL,2026-03-23 19:30:00,Memphis Grizzlies,107,Atlanta Hawks,146,Atlanta Hawks,0.10999999999999999,0.89
KXNBAGAME-26MAR23HOUCHI-CHI,2026-03-23 20:00:00,Houston Rockets,124,Chicago Bulls,132,Chicago Bulls,0.77,0.23
KXNBAGAME-26MAR23TORUTA-UTA,2026-03-23 21:00:00,Toronto Raptors,143,Utah Jazz,127,Toronto Raptors,0.81,0.19
KXNBAGAME-26MAR23GSWDAL-DAL,2026-03-23 21:30:00,Golden State Warriors,137,Dallas Mavericks,131,Golden State Warriors,0.55,0.45
KXNBAGAME-26MAR23BKNPOR-POR,2026-03-23 22:00:00,Brooklyn Nets,99,Portland Trail Blazers,134,Portland Trail Blazers,0.08999999999999997,0.91
KXNBAGAME-26MAR23MILLAC-LAC,2026-03-23 22:30:00,Milwaukee Bucks,96,Los Angeles Clippers,129,Los Angeles Clippers,0.12,0.88
KXNBAGAME-26MAR24SACCHA-CHA,2026-03-24 19:00:00,Sacramento Kings,90,Charlotte Hornets,134,Charlotte Hornets,0.06000000000000005,0.94
KXNBAGAME-26MAR24NOPNYK-NYK,2026-03-24 19:30:00,New Orleans Pelicans,116,New York Knicks,121,New York Knicks,0.22999999999999998,0.77
KXNBAGAME-26MAR24ORLCLE-CLE,2026-03-24 20:00:00,Orlando Magic,131,Cleveland Cavaliers,136,Cleveland Cavaliers,0.18999999999999995,0.81
KXNBAGAME-26MAR24DENPHX-PHX,2026-03-24 23:00:00,Denver Nuggets,125,Phoenix Suns,123,Denver Nuggets,0.6699999999999999,0.33
KXNBAGAME-26MAR25ATLDET-DET,2026-03-25 19:00:00,Atlanta Hawks,130,Detroit Pistons,129,Atlanta Hawks,0.43999999999999995,0.56
KXNBAGAME-26MAR25LALIND-IND,2026-03-25 19:00:00,Los Angeles Lakers,137,Indiana Pacers,130,Los Angeles Lakers,0.78,0.22
KXNBAGAME-26MAR25CHIPHI-PHI,2026-03-25 19:00:00,Chicago Bulls,137,Philadelphia 76ers,157,Philadelphia 76ers,0.29000000000000004,0.71
KXNBAGAME-26MAR25OKCBOS-BOS,2026-03-25 19:30:00,Oklahoma City Thunder,109,Boston Celtics,119,Boston Celtics,0.55,0.45
KXNBAGAME-26MAR25MIACLE-CLE,2026-03-25 19:30:00,Miami Heat,120,Cleveland Cavaliers,103,Miami Heat,0.43000000000000005,0.57
KXNBAGAME-26MAR25SASMEM-MEM,2026-03-25 20:00:00,San Antonio Spurs,123,Memphis Grizzlies,98,San Antonio Spurs,0.92,0.08
KXNBAGAME-26MAR25WASUTA-UTA,2026-03-25 21:00:00,Washington Wizards,133,Utah Jazz,110,Washington Wizards,0.4,0.6
KXNBAGAME-26MAR25HOUMIN-MIN,2026-03-25 21:30:00,Houston Rockets,108,Minnesota Timberwolves,110,Minnesota Timberwolves,0.54,0.46
KXNBAGAME-26MAR25DALDEN-DEN,2026-03-25 22:00:00,Dallas Mavericks,135,Denver Nuggets,142,Denver Nuggets,0.16000000000000003,0.84
KXNBAGAME-26MAR25BKNGSW-GSW,2026-03-25 22:00:00,Brooklyn Nets,106,Golden State Warriors,109,Golden State Warriors,0.14,0.86
KXNBAGAME-26MAR25MILPOR-POR,2026-03-25 22:00:00,Milwaukee Bucks,99,Portland Trail Blazers,130,Portland Trail Blazers,0.09999999999999998,0.9
KXNBAGAME-26MAR25TORLAC-LAC,2026-03-25 22:30:00,Toronto Raptors,94,Los Angeles Clippers,119,Los Angeles Clippers,0.37,0.63
KXNBAGAME-26MAR26NYKCHA-CHA,2026-03-26 19:00:00,New York Knicks,103,Charlotte Hornets,114,Charlotte Hornets,0.43999999999999995,0.56
KXNBAGAME-26MAR26NOPDET-DET,2026-03-26 19:00:00,New Orleans Pelicans,108,Detroit Pistons,129,Detroit Pistons,0.32999999999999996,0.67
KXNBAGAME-26MAR26SACORL-ORL,2026-03-26 19:00:00,Sacramento Kings,117,Orlando Magic,121,Orlando Magic,0.08999999999999997,0.91
KXNBAGAME-26MAR27LACIND-IND,2026-03-27 19:00:00,Los Angeles Clippers,114,Indiana Pacers,113,Los Angeles Clippers,0.78,0.22
KXNBAGAME-26MAR27ATLBOS-BOS,2026-03-27 19:30:00,Atlanta Hawks,102,Boston Celtics,109,Boston Celtics,0.32999999999999996,0.67
KXNBAGAME-26MAR27MIACLE-CLE,2026-03-27 19:30:00,Miami Heat,128,Cleveland Cavaliers,149,Cleveland Cavaliers,0.33999999999999997,0.66
KXNBAGAME-26MAR27HOUMEM-MEM,2026-03-27 20:00:00,Houston Rockets,119,Memphis Grizzlies,109,Houston Rockets,0.88,0.12
KXNBAGAME-26MAR27CHIOKC-OKC,2026-03-27 20:00:00,Chicago Bulls,113,Oklahoma City Thunder,131,Oklahoma City Thunder,0.050000000000000044,0.95
KXNBAGAME-26MAR27NOPTOR-TOR,2026-03-27 20:30:00,New Orleans Pelicans,106,Toronto Raptors,119,Toronto Raptors,0.24,0.76
KXNBAGAME-26MAR27UTADEN-DEN,2026-03-27 21:00:00,Utah Jazz,129,Denver Nuggets,135,Denver Nuggets,0.040000000000000036,0.96
KXNBAGAME-26MAR27WASGSW-GSW,2026-03-27 22:00:00,Washington Wizards,126,Golden State Warriors,131,Golden State Warriors,0.13,0.87
KXNBAGAME-26MAR27DALPOR-POR,2026-03-27 22:00:00,Dallas Mavericks,100,Portland Trail Blazers,93,Dallas Mavericks,0.18000000000000005,0.82
KXNBAGAME-26MAR27BKNLAL-LAL,2026-03-27 22:30:00,Brooklyn Nets,99,Los Angeles Lakers,116,Los Angeles Lakers,0.06000000000000005,0.94
KXNBAGAME-26MAR28SASMIL-MIL,2026-03-28 15:00:00,San Antonio Spurs,127,Milwaukee Bucks,95,San Antonio Spurs,0.9299999999999999,0.07
KXNBAGAME-26MAR28DETMIN-MIN,2026-03-28 17:30:00,Detroit Pistons,109,Minnesota Timberwolves,87,Detroit Pistons,0.55,0.45
KXNBAGAME-26MAR28PHICHA-CHA,2026-03-28 18:00:00,Philadelphia 76ers,118,Charlotte Hornets,114,Philadelphia 76ers,0.30000000000000004,0.7
KXNBAGAME-26MAR28SACATL-ATL,2026-03-28 19:30:00,Sacramento Kings,113,Atlanta Hawks,123,Atlanta Hawks,0.13,0.87
KXNBAGAME-26MAR28CHIMEM-MEM,2026-03-28 20:00:00,Chicago Bulls,124,Memphis Grizzlies,125,Memphis Grizzlies,0.64,0.36
KXNBAGAME-26MAR28UTAPHX-PHX,2026-03-28 22:00:00,Utah Jazz,109,Phoenix Suns,134,Phoenix Suns,0.06999999999999995,0.93
KXNBAGAME-26MAR29LACMIL-MIL,2026-03-29 15:30:00,Los Angeles Clippers,127,Milwaukee Bucks,113,Los Angeles Clippers,0.91,0.09
KXNBAGAME-26MAR29MIAIND-IND,2026-03-29 17:00:00,Miami Heat,118,Indiana Pacers,135,Indiana Pacers,0.76,0.24
KXNBAGAME-26MAR29SACBKN-BKN,2026-03-29 18:00:00,Sacramento Kings,99,Brooklyn Nets,116,Brooklyn Nets,0.44999999999999996,0.55
KXNBAGAME-26MAR29BOSCHA-CHA,2026-03-29 18:00:00,Boston Celtics,114,Charlotte Hornets,99,Boston Celtics,0.43999999999999995,0.56
KXNBAGAME-26MAR29WASPOR-POR,2026-03-29 18:00:00,Washington Wizards,88,Portland Trail Blazers,123,Portland Trail Blazers,0.06999999999999995,0.93
KXNBAGAME-26MAR29ORLTOR-TOR,2026-03-29 18:00:00,Orlando Magic,87,Toronto Raptors,139,Toronto Raptors,0.47,0.53
KXNBAGAME-26MAR29HOUNOP-NOP,2026-03-29 19:00:00,Houston Rockets,134,New Orleans Pelicans,102,Houston Rockets,0.6799999999999999,0.32
KXNBAGAME-26MAR29NYKOKC-OKC,2026-03-29 19:30:00,New York Knicks,100,Oklahoma City Thunder,111,Oklahoma City Thunder,0.26,0.74
KXNBAGAME-26MAR29GSWDEN-DEN,2026-03-29 22:00:00,Golden State Warriors,93,Denver Nuggets,116,Denver Nuggets,0.16000000000000003,0.84
KXNBAGAME-26MAR30PHIMIA-MIA,2026-03-30 19:00:00,Philadelphia 76ers,109,Miami Heat,119,Miami Heat,0.55,0.45
KXNBAGAME-26MAR30BOSATL-ATL,2026-03-30 19:30:00,Boston Celtics,102,Atlanta Hawks,112,Atlanta Hawks,0.42000000000000004,0.58
KXNBAGAME-26MAR30PHXMEM-MEM,2026-03-30 20:00:00,Phoenix Suns,131,Memphis Grizzlies,105,Phoenix Suns,0.86,0.14
KXNBAGAME-26MAR30CHISAS-SAS,2026-03-30 20:00:00,Chicago Bulls,114,San Antonio Spurs,129,San Antonio Spurs,0.050000000000000044,0.95
KXNBAGAME-26MAR30MINDAL-DAL,2026-03-30 20:30:00,Minnesota Timberwolves,124,Dallas Mavericks,94,Minnesota Timberwolves,0.75,0.25
KXNBAGAME-26MAR30CLEUTA-UTA,2026-03-30 21:00:00,Cleveland Cavaliers,122,Utah Jazz,113,Cleveland Cavaliers,0.92,0.08
KXNBAGAME-26MAR30DETOKC-OKC,2026-03-30 21:30:00,Detroit Pistons,110,Oklahoma City Thunder,114,Oklahoma City Thunder,0.15000000000000002,0.85
KXNBAGAME-26MAR30WASLAL-LAL,2026-03-30 22:00:00,Washington Wizards,101,Los Angeles Lakers,120,Los Angeles Lakers,0.07999999999999996,0.92
KXNBAGAME-26MAR31PHXORL-ORL,2026-03-31 19:00:00,Phoenix Suns,111,Orlando Magic,115,Orlando Magic,0.44999999999999996,0.55
KXNBAGAME-26MAR31CHABKN-BKN,2026-03-31 19:30:00,Charlotte Hornets,117,Brooklyn Nets,86,Charlotte Hornets,0.9299999999999999,0.07
KXNBAGAME-26MAR31TORDET-DET,2026-03-31 20:00:00,Toronto Raptors,116,Detroit Pistons,127,Detroit Pistons,0.4,0.6
KXNBAGAME-26MAR31NYKHOU-HOU,2026-03-31 20:00:00,New York Knicks,94,Houston Rockets,111,Houston Rockets,0.51,0.49
KXNBAGAME-26MAR31DALMIL-MIL,2026-03-31 20:00:00,Dallas Mavericks,99,Milwaukee Bucks,123,Milwaukee Bucks,0.56,0.44
KXNBAGAME-26MAR31CLELAL-LAL,2026-03-31 22:30:00,Cleveland Cavaliers,113,Los Angeles Lakers,127,Los Angeles Lakers,0.43999999999999995,0.56
KXNBAGAME-26MAR31PORLAC-LAC,2026-03-31 23:00:00,Portland Trail Blazers,114,Los Angeles Clippers,104,Portland Trail Blazers,0.35,0.65
KXNBAGAME-26APR01ATLORL-ORL,2026-04-01 19:00:00,Atlanta Hawks,130,Orlando Magic,101,Atlanta Hawks,0.56,0.44
KXNBAGAME-26APR01PHIWAS-WAS,2026-04-01 19:00:00,Philadelphia 76ers,153,Washington Wizards,131,Philadelphia 76ers,0.9,0.1
KXNBAGAME-26APR01BOSMIA-MIA,2026-04-01 19:30:00,Boston Celtics,147,Miami Heat,129,Boston Celtics,0.63,0.37
KXNBAGAME-26APR01INDCHI-CHI,2026-04-01 20:00:00,Indiana Pacers,145,Chicago Bulls,126,Indiana Pacers,0.39,0.61
KXNBAGAME-26APR01MILHOU-HOU,2026-04-01 20:00:00,Milwaukee Bucks,113,Houston Rockets,119,Houston Rockets,0.050000000000000044,0.95
KXNBAGAME-26APR01NYKMEM-MEM,2026-04-01 20:00:00,New York Knicks,130,Memphis Grizzlies,119,New York Knicks,0.87,0.13
KXNBAGAME-26APR01SACTOR-TOR,2026-04-01 20:00:00,Sacramento Kings,123,Toronto Raptors,115,Sacramento Kings,0.14,0.86
KXNBAGAME-26APR01DENUTA-UTA,2026-04-01 21:00:00,Denver Nuggets,130,Utah Jazz,117,Denver Nuggets,0.92,0.08
KXNBAGAME-26APR01SASGSW-GSW,2026-04-01 22:00:00,San Antonio Spurs,127,Golden State Warriors,113,San Antonio Spurs,0.87,0.13
KXNBAGAME-26APR02PHXCHA-CHA,2026-04-02 19:00:00,Phoenix Suns,107,Charlotte Hornets,127,Charlotte Hornets,0.32999999999999996,0.67
KXNBAGAME-26APR02MINDET-DET,2026-04-02 19:00:00,Minnesota Timberwolves,108,Detroit Pistons,113,Detroit Pistons,0.33999999999999997,0.66
KXNBAGAME-26APR02LALOKC-OKC,2026-04-02 21:30:00,Los Angeles Lakers,96,Oklahoma City Thunder,139,Oklahoma City Thunder,0.22999999999999998,0.77
KXNBAGAME-26APR02CLEGSW-GSW,2026-04-02 22:00:00,Cleveland Cavaliers,118,Golden State Warriors,111,Cleveland Cavaliers,0.79,0.21
KXNBAGAME-26APR02NOPPOR-POR,2026-04-02 22:00:00,New Orleans Pelicans,106,Portland Trail Blazers,118,Portland Trail Blazers,0.31000000000000005,0.69
KXNBAGAME-26APR02SASLAC-LAC,2026-04-02 22:30:00,San Antonio Spurs,118,Los Angeles Clippers,99,San Antonio Spurs,0.43000000000000005,0.57
KXNBAGAME-26APR03INDCHA-CHA,2026-04-03 19:00:00,Indiana Pacers,108,Charlotte Hornets,129,Charlotte Hornets,0.07999999999999996,0.92
KXNBAGAME-26APR03MINPHI-PHI,2026-04-03 19:00:00,Minnesota Timberwolves,103,Philadelphia 76ers,115,Philadelphia 76ers,0.39,0.61
KXNBAGAME-26APR03ATLBKN-BKN,2026-04-03 19:30:00,Atlanta Hawks,141,Brooklyn Nets,107,Atlanta Hawks,0.92,0.08
KXNBAGAME-26APR03CHINYK-NYK,2026-04-03 19:30:00,Chicago Bulls,96,New York Knicks,136,New York Knicks,0.09999999999999998,0.9
KXNBAGAME-26APR03UTAHOU-HOU,2026-04-03 20:00:00,Utah Jazz,106,Houston Rockets,140,Houston Rockets,0.06000000000000005,0.94
KXNBAGAME-26APR03TORMEM-MEM,2026-04-03 20:00:00,Toronto Raptors,128,Memphis Grizzlies,96,Toronto Raptors,0.89,0.11
KXNBAGAME-26APR03BOSMIL-MIL,2026-04-03 20:00:00,Boston Celtics,133,Milwaukee Bucks,101,Boston Celtics,0.9299999999999999,0.07
KXNBAGAME-26APR03ORLDAL-DAL,2026-04-03 20:30:00,Orlando Magic,138,Dallas Mavericks,127,Orlando Magic,0.7,0.3
KXNBAGAME-26APR03NOPSAC-SAC,2026-04-03 22:00:00,New Orleans Pelicans,113,Sacramento Kings,117,Sacramento Kings,0.6799999999999999,0.32
KXNBAGAME-26APR04SASDEN-DEN,2026-04-04 15:00:00,San Antonio Spurs,134,Denver Nuggets,136,Denver Nuggets,0.54,0.46
KXNBAGAME-26APR04WASMIA-MIA,2026-04-04 15:00:00,Washington Wizards,136,Miami Heat,152,Miami Heat,0.050000000000000044,0.95
KXNBAGAME-26APR04DETPHI-PHI,2026-04-04 19:00:00,Detroit Pistons,116,Philadelphia 76ers,93,Detroit Pistons,0.5900000000000001,0.41
KXNBAGAME-26APR05TORBOS-BOS,2026-04-05 15:30:00,Toronto Raptors,101,Boston Celtics,115,Boston Celtics,0.19999999999999996,0.8
KXNBAGAME-26APR05WASBKN-BKN,2026-04-05 15:30:00,Washington Wizards,115,Brooklyn Nets,121,Brooklyn Nets,0.4,0.6
KXNBAGAME-26APR05PHXCHI-CHI,2026-04-05 15:30:00,Phoenix Suns,120,Chicago Bulls,110,Phoenix Suns,0.8200000000000001,0.18
KXNBAGAME-26APR05MEMMIL-MIL,2026-04-05 15:30:00,Memphis Grizzlies,115,Milwaukee Bucks,131,Milwaukee Bucks,0.28,0.72
KXNBAGAME-26APR05INDCLE-CLE,2026-04-05 18:00:00,Indiana Pacers,108,Cleveland Cavaliers,117,Cleveland Cavaliers,0.06999999999999995,0.93
KXNBAGAME-26APR05CHAMIN-MIN,2026-04-05 19:00:00,Charlotte Hornets,122,Minnesota Timberwolves,108,Charlotte Hornets,0.62,0.38
KXNBAGAME-26APR05ORLNOP-NOP,2026-04-05 19:00:00,Orlando Magic,112,New Orleans Pelicans,108,Orlando Magic,0.69,0.31
KXNBAGAME-26APR05UTAOKC-OKC,2026-04-05 19:00:00,Utah Jazz,111,Oklahoma City Thunder,146,Oklahoma City Thunder,0.020000000000000018,0.98
KXNBAGAME-26APR05LALDAL-DAL,2026-04-05 19:30:00,Los Angeles Lakers,128,Dallas Mavericks,134,Dallas Mavericks,0.51,0.49
KXNBAGAME-26APR05LACSAC-SAC,2026-04-05 21:00:00,Los Angeles Clippers,138,Sacramento Kings,109,Los Angeles Clippers,0.86,0.14
KXNBAGAME-26APR05HOUGSW-GSW,2026-04-05 22:00:00,Houston Rockets,117,Golden State Warriors,116,Houston Rockets,0.61,0.39
KXNBAGAME-26APR06NYKATL-ATL,2026-04-06 19:00:00,New York Knicks,108,Atlanta Hawks,105,New York Knicks,0.47,0.53
KXNBAGAME-26APR06DETORL-ORL,2026-04-06 19:00:00,Detroit Pistons,107,Orlando Magic,123,Orlando Magic,0.5,0.5
KXNBAGAME-26APR06CLEMEM-MEM,2026-04-06 20:00:00,Cleveland Cavaliers,142,Memphis Grizzlies,126,Cleveland Cavaliers,0.88,0.12
KXNBAGAME-26APR06PHISAS-SAS,2026-04-06 20:00:00,Philadelphia 76ers,102,San Antonio Spurs,115,San Antonio Spurs,0.22999999999999998,0.77
KXNBAGAME-26APR06PORDEN-DEN,2026-04-06 21:00:00,Portland Trail Blazers,132,Denver Nuggets,137,Denver Nuggets,0.27,0.73
KXNBAGAME-26APR07MININD-IND,2026-04-07 19:00:00,Minnesota Timberwolves,124,Indiana Pacers,104,Minnesota Timberwolves,0.86,0.14
KXNBAGAME-26APR07CHIWAS-WAS,2026-04-07 19:00:00,Chicago Bulls,129,Washington Wizards,98,Chicago Bulls,0.6799999999999999,0.32
KXNBAGAME-26APR07MILBKN-BKN,2026-04-07 19:30:00,Milwaukee Bucks,90,Brooklyn Nets,96,Brooklyn Nets,0.53,0.47
KXNBAGAME-26APR07MIATOR-TOR,2026-04-07 19:30:00,Miami Heat,95,Toronto Raptors,121,Toronto Raptors,0.42000000000000004,0.58
KXNBAGAME-26APR07CHABOS-BOS,2026-04-07 20:00:00,Charlotte Hornets,102,Boston Celtics,113,Boston Celtics,0.35,0.65
KXNBAGAME-26APR07UTANOP-NOP,2026-04-07 20:00:00,Utah Jazz,137,New Orleans Pelicans,156,New Orleans Pelicans,0.30000000000000004,0.7
KXNBAGAME-26APR07SACGSW-GSW,2026-04-07 22:00:00,Sacramento Kings,105,Golden State Warriors,110,Golden State Warriors,0.09999999999999998,0.9
KXNBAGAME-26APR07DALLAC-LAC,2026-04-07 22:30:00,Dallas Mavericks,103,Los Angeles Clippers,116,Los Angeles Clippers,0.15000000000000002,0.85
KXNBAGAME-26APR07OKCLAL-LAL,2026-04-07 22:30:00,Oklahoma City Thunder,123,Los Angeles Lakers,87,Oklahoma City Thunder,0.94,0.06
KXNBAGAME-26APR07HOUPHX-PHX,2026-04-07 23:00:00,Houston Rockets,119,Phoenix Suns,105,Houston Rockets,0.52,0.48
KXNBAGAME-26APR08ATLCLE-CLE,2026-04-08 19:00:00,Atlanta Hawks,116,Cleveland Cavaliers,122,Cleveland Cavaliers,0.38,0.62
KXNBAGAME-26APR08MILDET-DET,2026-04-08 19:00:00,Milwaukee Bucks,111,Detroit Pistons,137,Detroit Pistons,0.040000000000000036,0.96
KXNBAGAME-26APR08MINORL-ORL,2026-04-08 19:00:00,Minnesota Timberwolves,120,Orlando Magic,132,Orlando Magic,0.18000000000000005,0.82
KXNBAGAME-26APR08MEMDEN-DEN,2026-04-08 21:00:00,Memphis Grizzlies,119,Denver Nuggets,136,Denver Nuggets,0.020000000000000018,0.98
KXNBAGAME-26APR08PORSAS-SAS,2026-04-08 21:30:00,Portland Trail Blazers,101,San Antonio Spurs,112,San Antonio Spurs,0.41000000000000003,0.59
KXNBAGAME-26APR08OKCLAC-LAC,2026-04-08 22:00:00,Oklahoma City Thunder,128,Los Angeles Clippers,110,Oklahoma City Thunder,0.76,0.24
KXNBAGAME-26APR08DALPHX-PHX,2026-04-08 22:00:00,Dallas Mavericks,107,Phoenix Suns,112,Phoenix Suns,0.14,0.86
KXNBAGAME-26APR09MIATOR-TOR,2026-04-09 19:00:00,Miami Heat,114,Toronto Raptors,128,Toronto Raptors,0.38,0.62
KXNBAGAME-26APR09CHIWAS-WAS,2026-04-09 19:00:00,Chicago Bulls,119,Washington Wizards,108,Chicago Bulls,0.71,0.29
KXNBAGAME-26APR09INDBKN-BKN,2026-04-09 19:30:00,Indiana Pacers,123,Brooklyn Nets,94,Indiana Pacers,0.5900000000000001,0.41
KXNBAGAME-26APR09BOSNYK-NYK,2026-04-09 19:30:00,Boston Celtics,106,New York Knicks,112,New York Knicks,0.4,0.6
KXNBAGAME-26APR09PHIHOU-HOU,2026-04-09 20:00:00,Philadelphia 76ers,102,Houston Rockets,113,Houston Rockets,0.31000000000000005,0.69
KXNBAGAME-26APR09LALGSW-GSW,2026-04-09 22:00:00,Los Angeles Lakers,119,Golden State Warriors,103,Los Angeles Lakers,0.47,0.53
KXNBAGAME-26APR10CLEATL-ATL,2026-04-10 19:00:00,Cleveland Cavaliers,102,Atlanta Hawks,124,Atlanta Hawks,0.25,0.75
KXNBAGAME-26APR10DETCHA-CHA,2026-04-10 19:00:00,Detroit Pistons,118,Charlotte Hornets,100,Detroit Pistons,0.33999999999999997,0.66
KXNBAGAME-26APR10MIAWAS-WAS,2026-04-10 19:00:00,Miami Heat,140,Washington Wizards,117,Miami Heat,0.91,0.09
KXNBAGAME-26APR10NOPBOS-BOS,2026-04-10 19:30:00,New Orleans Pelicans,118,Boston Celtics,144,Boston Celtics,0.06000000000000005,0.94
KXNBAGAME-26APR10PHIIND-IND,2026-04-10 19:30:00,Philadelphia 76ers,105,Indiana Pacers,94,Philadelphia 76ers,0.88,0.12
KXNBAGAME-26APR10TORNYK-NYK,2026-04-10 19:30:00,Toronto Raptors,95,New York Knicks,112,New York Knicks,0.30000000000000004,0.7
KXNBAGAME-26APR10ORLCHI-CHI,2026-04-10 20:00:00,Orlando Magic,127,Chicago Bulls,103,Orlando Magic,0.9,0.1
KXNBAGAME-26APR10BKNMIL-MIL,2026-04-10 20:00:00,Brooklyn Nets,108,Milwaukee Bucks,125,Milwaukee Bucks,0.18999999999999995,0.81
KXNBAGAME-26APR10DALSAS-SAS,2026-04-10 20:00:00,Dallas Mavericks,120,San Antonio Spurs,139,San Antonio Spurs,0.06000000000000005,0.94
KXNBAGAME-26APR10OKCDEN-DEN,2026-04-10 21:00:00,Oklahoma City Thunder,107,Denver Nuggets,127,Denver Nuggets,0.42000000000000004,0.58
KXNBAGAME-26APR10MINHOU-HOU,2026-04-10 21:30:00,Minnesota Timberwolves,136,Houston Rockets,132,Minnesota Timberwolves,0.18999999999999995,0.81
KXNBAGAME-26APR10MEMUTA-UTA,2026-04-10 21:30:00,Memphis Grizzlies,101,Utah Jazz,147,Utah Jazz,0.36,0.64
KXNBAGAME-26APR10LACPOR-POR,2026-04-10 22:00:00,Los Angeles Clippers,97,Portland Trail Blazers,116,Portland Trail Blazers,0.45999999999999996,0.54
KXNBAGAME-26APR10GSWSAC-SAC,2026-04-10 22:00:00,Golden State Warriors,118,Sacramento Kings,124,Sacramento Kings,0.81,0.19
KXNBAGAME-26APR10PHXLAL-LAL,2026-04-10 22:30:00,Phoenix Suns,73,Los Angeles Lakers,101,Los Angeles Lakers,0.54,0.46
KXNBAGAME-26APR12ORLBOS-BOS,2026-04-12 18:00:00,Orlando Magic,108,Boston Celtics,113,Boston Celtics,0.85,0.15
KXNBAGAME-26APR12WASCLE-CLE,2026-04-12 18:00:00,Washington Wizards,117,Cleveland Cavaliers,130,Cleveland Cavaliers,0.18999999999999995,0.81
KXNBAGAME-26APR12DETIND-IND,2026-04-12 18:00:00,Detroit Pistons,133,Indiana Pacers,121,Detroit Pistons,0.9,0.1
KXNBAGAME-26APR12ATLMIA-MIA,2026-04-12 18:00:00,Atlanta Hawks,117,Miami Heat,143,Miami Heat,0.19999999999999996,0.8
KXNBAGAME-26APR12CHANYK-NYK,2026-04-12 18:00:00,Charlotte Hornets,110,New York Knicks,96,Charlotte Hornets,0.87,0.13
KXNBAGAME-26APR12MILPHI-PHI,2026-04-12 18:00:00,Milwaukee Bucks,106,Philadelphia 76ers,126,Philadelphia 76ers,0.07999999999999996,0.92
KXNBAGAME-26APR12BKNTOR-TOR,2026-04-12 18:00:00,Brooklyn Nets,101,Toronto Raptors,136,Toronto Raptors,0.020000000000000018,0.98
KXNBAGAME-26APR12CHIDAL-DAL,2026-04-12 20:30:00,Chicago Bulls,128,Dallas Mavericks,149,Dallas Mavericks,0.35,0.65
KXNBAGAME-26APR12MEMHOU-HOU,2026-04-12 20:30:00,Memphis Grizzlies,101,Houston Rockets,132,Houston Rockets,0.09999999999999998,0.9
KXNBAGAME-26APR12GSWLAC-LAC,2026-04-12 20:30:00,Golden State Warriors,110,Los Angeles Clippers,115,Los Angeles Clippers,0.4,0.6
KXNBAGAME-26APR12UTALAL-LAL,2026-04-12 20:30:00,Utah Jazz,107,Los Angeles Lakers,131,Los Angeles Lakers,0.08999999999999997,0.91
KXNBAGAME-26APR12NOPMIN-MIN,2026-04-12 20:30:00,New Orleans Pelicans,126,Minnesota Timberwolves,132,Minnesota Timberwolves,0.39,0.61
KXNBAGAME-26APR12PHXOKC-OKC,2026-04-12 20:30:00,Phoenix Suns,135,Oklahoma City Thunder,103,Phoenix Suns,0.26,0.74
KXNBAGAME-26APR12SACPOR-POR,2026-04-12 20:30:00,Sacramento Kings,110,Portland Trail Blazers,122,Portland Trail Blazers,0.050000000000000044,0.95
KXNBAGAME-26APR12DENSAS-SAS,2026-04-12 20:30:00,Denver Nuggets,128,San Antonio Spurs,118,Denver Nuggets,0.20999999999999996,0.79
